Patient ID,Neisseria_subflava,Prevotella_jejuni,Veillonella_dispar,Bacteroidaceae_unclassified_SGB1468,Actinomyces_graevenitzii,Prevotella_melaninogenica,Megasphaera_micronuciformis,Candidatus_Saccharibacteria_unclassified_SGB19850,Veillonella_atypica,Porphyromonas_pasteri,Prevotella_pallens,Veillonella_rogosae,Alloprevotella_tannerae,Streptococcus_mitis,Actinomyces_SGB17168,Lancefieldella_parvula,Veillonella_tobetsuensis,Haemophilus_parainfluenzae,Veillonella_parvula,GGB4936_SGB6889,Solobacterium_SGB6833,Eubacterium_sulci,Neisseria_sicca,Prevotella_salivae,Selenomonas_SGB5880,Trueperella_pyogenes,Streptococcus_sp_263_SSPC,Leptotrichia_wadei,Tannerella_sp_oral_taxon_HOT_286,Rothia_mucilaginosa,Lautropia_mirabilis,Isoptericola_variabilis,Streptococcus_infantis,Mogibacterium_diversum,Campylobacter_concisus,Streptococcus_parasanguinis,Streptococcus_gordonii,Streptococcus_oralis,Prevotella_sp_HJM029,Oribacterium_asaccharolyticum,Fusobacterium_pseudoperiodonticum,Prevotella_nanceiensis,Lachnoanaerobaculum_sp_ICM7,Capnocytophaga_leadbetteri,Actinomyces_bouchesdurhonensis,Leptotrichia_sp_oral_taxon_215,Actinomyces_sp_S6_Spd3,Oribacterium_parvum,Lachnoanaerobaculum_orale,Candidatus_Saccharibacteria_unclassified_SGB19782,Prevotella_sp_A2879,Stomatobaculum_SGB5266,Actinomyces_sp_ICM47,Streptococcus_salivarius,Neisseria_sp_oral_taxon_014,candidate_division_SR1_bacterium_MGEHA,Oribacterium_sinus,Prevotella_nigrescens,Alloprevotella_SGB1466,Peptostreptococcus_SGB749,Capnocytophaga_gingivalis,Streptococcus_sp_A12,GGB1203_SGB1568,Granulicatella_adiacens,Actinomyces_oris,Gemella_morbillorum,Actinomyces_gerencseriae,Fusobacterium_nucleatum,Gemella_sanguinis,Streptococcus_sanguinis,GGB4538_SGB6256,Corynebacterium_matruchotii,Aggregatibacter_sp_oral_taxon_458,Candidatus_Nanosynbacter_lyticus,Abiotrophia_defectiva,Dialister_invisus,Neisseria_elongata,Rothia_dentocariosa,GGB3394_SGB4498,GGB1202_SGB1567,Actinomyces_dentalis,Bacteroidetes_unclassified_SGB1343,Prevotella_loescheii,Porphyromonas_catoniae,Haemophilus_influenzae,Rothia_aeria,Prevotella_conceptionensis,Selenomonas_sputigena,Corynebacterium_durum,Parvimonas_SGB6649,Prevotella_oris,Capnocytophaga_sp_oral_taxon_332,Prevotella_veroralis,Bacteroidetes_oral_taxon_274,Gemella_haemolysans,Prevotella_denticola,Actinomyces_naeslundii,Granulicatella_elegans,Selenomonas_noxia,Prevotella_micans,Streptococcus_anginosus,Haemophilus_parahaemolyticus,GGB3385_SGB4472,Porphyromonas_sp_oral_taxon_278,Haemophilus_haemolyticus,Tannerella_sp_oral_taxon_808,Arachnia_SGB15898,Kytococcus_sedentarius,Cardiobacterium_hominis,GGB4395_SGB6050,Streptococcus_cristatus,Prevotella_oulorum,Campylobacter_showae,GGB1843_SGB2524,Candidatus_Nanosynsacchari_sp_TM7_ANC_38_39_G1_1,Capnocytophaga_SGB2480,Porphyromonas_endodontalis,Leptotrichia_sp_oral_taxon_212,GGB12790_SGB19845,Candidatus_Nanoperiomorbus_periodonticus,Campylobacter_SGB19317,Treponema_sp_OMZ_804,GGB4538_SGB6253,Actinomyces_massiliensis,GGB12763_SGB19797,GGB1026_SGB1321,Eikenella_halliae,Eikenella_corrodens,Alloprevotella_rava,Prevotella_saccharolytica,Slackia_exigua,TM7_phylum_sp_oral_taxon_351,Haemophilus_sputorum,Capnocytophaga_ochracea,Centipeda_periodontii,Shuttleworthia_satelles,Pseudopropionibacterium_propionicum,Prevotella_marshii,Selenomonas_flueggei,Bacteroidaceae_bacterium,Actinomyces_israelii,Lautropia_dentalis,Capnocytophaga_sputigena,Leptotrichia_hongkongensis,GGB3886_SGB5269,Anaeroglobus_geminatus,Selenomonas_artemidis,Kingella_denitrificans,Eubacterium_brachy,Prevotella_buccae,Olsenella_sp_oral_taxon_807,GGB12788_SGB19831,GGB12796_SGB19893,Campylobacter_gracilis,Parvimonas_micra,Lancefieldella_rimae,Prevotella_histicola,Aggregatibacter_segnis,Actinomyces_sp_ICM58,Prevotella_sp_oral_taxon_473,Ottowia_sp_Marseille_P4747,Prevotella_shahii,GGB1188_SGB1538,Treponema_denticola,GGB6675_SGB9425,Actinomyces_SGB17154,GGB4533_SGB6246,GGB1138_SGB1455,Abiotrophia_sp_HMSC24B09,GGB1474_SGB2040,SR1_bacterium_human_oral_taxon_HOT_345,Prevotella_baroniae,Tannerella_forsythia,Kingella_oralis,Lachnospiraceae_bacterium_oral_taxon_096,Prevotella_koreensis,Campylobacter_rectus,Olsenella_uli,Treponema_maltophilum,Peptidiphaga_gingivicola,Cardiobacterium_valvarum,Prevotella_dentalis,Prevotella_maculosa,Treponema_SGB3601,Treponema_lecithinolyticum,Fretibacterium_fastidiosum,Stomatobaculum_longum,GGB12785_SGB19827,Leptotrichia_sp_oral_taxon_498,GGB3887_SGB5270,Bifidobacterium_longum,Bifidobacterium_dentium,Porphyromonas_gingivalis,Prevotella_multisaccharivorax,Parascardovia_denticolens,Propionibacterium_acidifaciens,GGB1201_SGB1566,Actinobaculum_sp_oral_taxon_183,Alloscardovia_omnicolens,Prevotella_intermedia,GGB1472_SGB2038,Alloprevotella_sp_Lung230,TM7_phylum_sp_oral_taxon_348,Filifactor_alocis,Pauljensenia_hongkongensis,Prevotella_multiformis,Dialister_pneumosintes,Desulfobulbus_oralis,Prevotella_pleuritidis,Mogibacterium_timidum,GGB10852_SGB17523,GGB12441_SGB19290,Selenomonas_massiliensis,Capnocytophaga_granulosa,Leptotrichia_buccalis,Actinomyces_johnsonii,Actinomyces_sp_oral_taxon_897,Selenomonas_sp_oral_taxon_126,GGB12790_SGB19844,Oribacterium_sp_oral_taxon_078,Prevotellaceae_bacterium_Marseille_P2826,Arachnia_SGB15899,Prevotella_oralis,Treponema_socranskii,Phocaeicola_abscessus,Neisseria_cinerea,GGB4308_SGB5895,Actinomyces_sp_oral_taxon_448,Cryptobacterium_curtum,Mitsuokella_sp_oral_taxon_131,Aggregatibacter_aphrophilus,Porphyromonas_SGB2042,Limosilactobacillus_fermentum,GGB1025_SGB1319,Scardovia_wiggsiae,Olsenella_profusa,GGB12785_SGB19823,GGB4964_SGB6927
TR10001,13.7438,6.9677,6.12494,5.35304,3.75767,3.57818,3.55098,3.27253,3.12112,3.07108,2.85985,2.67896,2.44159,2.30462,2.17584,1.97211,1.48012,1.47357,1.37644,1.28866,1.24871,1.1373,1.06335,1.06069,0.97583,0.94276,0.90099,0.77005,0.73806,0.7128,0.68722,0.65322,0.59717,0.5911,0.56891,0.5208,0.46359,0.45254,0.43982,0.42923,0.42507,0.40318,0.39816,0.38911,0.38862,0.38632,0.37408,0.35028,0.32821,0.30621,0.30562,0.30355,0.29403,0.26175,0.24279,0.23104,0.21724,0.21591,0.20992,0.2014,0.1891,0.18561,0.18188,0.16064,0.15799,0.15784,0.15533,0.15375,0.15338,0.15328,0.13941,0.13692,0.13441,0.13422,0.13228,0.12992,0.11395,0.11341,0.10536,0.0966,0.09369,0.09089,0.08791,0.08496,0.08324,0.08233,0.0806,0.08023,0.07922,0.0753,0.07092,0.068,0.0666,0.0658,0.06407,0.05881,0.05669,0.05618,0.05156,0.05135,0.04811,0.04758,0.04669,0.0446,0.04455,0.04339,0.04253,0.04111,0.04054,0.03738,0.03267,0.03123,0.03115,0.02797,0.0277,0.0273,0.0256,0.02496,0.0244,0.02401,0.02367,0.02236,0.02162,0.01971,0.0196,0.01838,0.01836,0.01674,0.01531,0.01502,0.01476,0.01373,0.01303,0.01271,0.01268,0.01245,0.01169,0.01121,0.01062,0.01032,0.0096,0.00797,0.00787,0.00762,0.00704,0.00663,0.0066,0.00643,0.00434,0.00362,0.00345,0.00234,0.00185,0.00135,0.00111,0.00095,0,0,0,0,0,0,0,0,0,0,0,0,0,0,0,0,0,0,0,0,0,0,0,0,0,0,0,0,0,0,0,0,0,0,0,0,0,0,0,0,0,0,0,0,0,0,0,0,0,0,0,0,0,0,0,0,0,0,0,0,0,0,0,0,0,0,0,0,0,0,0,0,0,0,0,0,0,0,0,0,0,0
TR10002,10.80154,1.30653,0.8884,0.68495,0.08464,4.77892,0.25528,1.52136,1.0687,9.94124,6.52318,1.3411,1.96771,1.29058,0.02503,0.12782,0,2.87762,1.29126,0.26869,0.11039,0.25266,8.89899,0.525,0.06267,0.17206,0.39089,0.06596,0.16584,1.00147,0.11166,0.42206,0.51313,0.0658,0.37373,1.13639,1.17017,2.73046,0.0208,0.0084,1.01703,4.89781,0.01811,0.04397,0,0.10346,0.08916,0.0158,0.00475,0.05128,0.38152,0.00918,1.30628,0.69869,2.27403,0.20736,0.01863,0.35705,0,0.24404,0.00317,0.24387,0.21153,0.10317,0.2142,0.05325,0,0.57157,0.15011,0.92416,0.00318,0.00208,0.03879,0,0.88051,0.05622,0.25,0.13994,0.01824,0.05685,0.03223,0.03544,0.27208,0.05702,1.2701,0.87753,0.05217,0.01827,0,0.13069,0.37881,0,0,0.01795,0.45427,0,0.00713,0.02551,0.01901,0,0.05346,0.07557,0,0.72893,0.29613,0.00721,0.25664,0.00987,0.01204,0.04749,0.00125,0.01254,0.00465,0.16626,0.02838,0,0.6529,0.06694,0,0.03234,0.01442,0.03522,0.04506,0,0.04571,0.00896,0.03272,0.00514,0.15239,0.03532,0,0.08856,0,0,0,0,0,0.01163,0,4.3549,0,0,0.1984,0,0,0.00454,0,0.39266,0.01378,0.00051,0,0,0,0,0.00621,0,2.71231,0.43771,0.33518,0.31183,0.2304,0.19618,0.14246,0.07488,0.06531,0.0555,0.05478,0.05243,0.03918,0.03802,0.03671,0.03549,0.03382,0.02348,0.02063,0.01952,0.01716,0.01251,0.01059,0.00911,0.0079,0.00681,0.00653,0.00397,0.00393,0.00148,0.00125,0,0,0,0,0,0,0,0,0,0,0,0,0,0,0,0,0,0,0,0,0,0,0,0,0,0,0,0,0,0,0,0,0,0,0,0,0,0,0,0,0,0,0,0,0,0,0,0,0,0,0
TR10004,0.26505,8.53173,4.45193,3.54639,0.83725,7.08564,3.01372,0.21499,4.26255,3.28412,2.77753,0.45984,0.02401,1.86888,0,1.51391,0,0.99176,4.0002,0,0.58565,0.28587,5.0115,1.8279,0.63036,0.35555,1.49844,0.6028,0,1.92342,0,0.00292,0.40095,0.5586,1.58672,2.60268,2.47473,5.12197,0,0.14777,0.19273,0.78597,0,0,0,0.0211,0.02759,0,0.23336,0.0151,0,0,0,4.3955,2.68713,0,0.45827,0.07714,0,0,0.12748,0,0,0.70504,1.78443,0.20468,0,0.27468,0.38454,1.208,0.00808,0.07918,0,0.02192,0.82999,0.06002,0,1.21174,0,0.44881,0.02952,0,0.12491,0,0.19285,0,0,0.037,0.00202,0,0.15485,0,0,0,0,0.71238,0.0228,0,0,0,0.20925,0,0,0,0.01094,0,0,0.16947,0,0.38252,1.54892,0.22558,0,0.06399,0,0,0.07206,0.00944,0,0.04462,0,0,0,0,0,0,0,0,0,0,0,0,0,0,0,0.00608,0,0,0.07892,0,0.00711,0,0.30039,0.11399,0,0.00353,0,0,0,0,0,0.10444,0,0.0108,0,0.14313,0,0.4835,0,0,0,0,0,0,0,0.45227,0.01827,0,0,0,0,0,0.01147,0,1.05149,0,0,0,0,0,0,0,0,0,0,0,0.84816,1.933,0.40135,0.25419,0.18422,0.16523,0.13408,0.06389,0.03493,0.02351,0.01359,0.01232,0.00787,0,0,0,0,0,0,0,0,0,0,0,0,0,0,0,0,0,0,0,0,0,0,0,0,0,0,0,0,0,0,0,0,0,0,0,0,0,0,0
TR10005,11.47228,0.33038,2.68498,2.2384,0.47341,11.83875,0.49085,0.60705,1.0011,3.06291,5.81369,0.34022,0.38674,1.18066,0,0.15492,0,3.94112,1.33679,0,0.28078,0.5298,3.34476,0.504,0.20991,0.11948,0.99612,0.44316,0.37174,3.80651,0.1247,0.25372,0.20084,0.2363,0.67775,0.581,0.26674,0.85145,0.31588,0.0455,1.67713,0.03708,0.10756,0.20337,0,0.53246,0.04953,0.13482,0.14738,0.06873,0.28872,0.00107,1.45119,0.05043,1.47606,0.2138,0.06308,0.81847,0,0.86025,0.11559,0.0858,0.16894,0.28866,0.20046,0.54339,0.00419,0.39075,0.29168,0.12753,0.03261,0.20245,0.94018,0.32612,0.16939,0.17275,0.1745,0.30505,0.10707,0.04215,0.18409,0.06313,0.18786,0.32803,0.05752,0.36301,0.03481,0.15567,0.29908,0.09739,0.11522,0.07441,0.1286,0.01923,0.35158,0.14465,0.03223,0.09171,0.0343,0,0.04832,0.28341,0.06008,0.7611,0.25227,0.02072,0.06958,0.21599,0.032,0.04089,0.43083,0.03914,0.04876,0.07432,0.11362,0.02831,0.53096,0.20659,0,0.01558,0.00064,0.03954,0,0.02194,0,0.07197,0.01917,0.02279,0.05222,0.01361,0.00467,0.00682,0,0.00387,0,0.00891,0,0.01137,0,0.04823,0.00392,0,0.2922,0.04736,0.02066,0.03932,0.01834,0.24592,0.29022,0.06658,0.05295,0,0.02924,0.00498,0.16848,0.01588,0.0341,0.33283,0.04492,0,0.06754,0,0.49659,0.19182,0.00614,0,0.04118,0,0,0.83164,0.11391,0.00568,0.09825,0.02821,0.0531,0.05855,0.11126,0,0.00501,0.03831,0.00937,0.01772,0.05341,0.02393,0.01565,0.00549,0.10822,0.02398,0.00289,0.00635,0,0,0.61864,0,0,0.00499,0.01281,0.01201,0,1.71982,0.56613,0.28246,0.09326,0.09301,0.07926,0.06955,0.06644,0.05165,0.0363,0.03331,0.03166,0.02507,0.01945,0.01936,0.01613,0.01594,0.01068,0.01024,0.00679,0.00595,0.00547,0.00421,0.00139,0.00084,0.00032,0,0,0,0,0,0,0,0,0,0,0,0,0
TR10006,17.99029,0.60793,0.31396,1.0393,0.02424,4.67914,0.41281,0.52077,0.91449,7.65969,0.47454,0.90543,1.19905,1.71752,0.15389,0,0,4.52095,0.03597,0,0,0,5.71858,0.45063,0,0.52034,0.52985,0,0.42452,3.13195,0.15548,0,0,0,0,0.34657,0,0,0,0,1.09052,0.57529,0,2.10735,0,0,0,0,0,0,0,0,0.24385,0,2.40289,1.68404,0,0.79637,0,0,0.32196,0,0,0,0,0,0,2.08286,0,0,0,0.0735,0.8881,0,0,0.00829,5.26847,0,0,0,0,0.02513,0,0.05585,0,0,0,0,0,0,0.65446,0,0.20846,0.08686,0,0.14363,0,0.33785,0,0,0,0,0,1.40452,0,0,0,0,0,0,0.06738,0,0,0.21673,0,0,3.14661,0,0,0,0,0.33836,0,0,0,0,0,0,0.01397,0,0,0,0,0,0,0,0,0,0,0.70928,0,0,0.15568,0,0,0,0,0,0.15567,0.05492,0,0,0,0,0.05368,0,0.0801,1.53935,0,0.54311,0,0,0.04561,0,0,0,0.03895,0,0,0.62327,0,0,1.03676,0,0,2.10953,0,0,0,0,0,0,0,0,0,0.01755,0,0,0,0,0,0,6.18052,0,0,0,0,0,0,0,0,0.54164,0,0,0,0.13134,0,0,0,0,0,0,0,0,0,0,0,0,0,0,0.57425,0,0,0,0,0.08217,0,0,0,0,0,0,0,0,0,0,0,0
TR10008,19.15969,0.99687,0.35748,13.20059,2.65439,0.49464,2.15355,2.85012,1.90109,8.98768,0.39339,0.14993,0.03713,0.02672,3.27975,4.80312,0,0.18641,0.01668,0,0.01886,0.03313,0.38297,0.99741,4.48567,1.03005,0.03094,0.00915,0.72719,3.15576,0.18002,0.84791,0,0.06154,0.27231,0.16872,0,0.03366,0.14211,0.21251,0.03008,0.05478,0,0,1.68552,0,0.29655,0.31648,0.02676,0.00454,0.11183,0.49264,2.37721,0.1553,0,0,0.25545,0,0,0,0,0.00435,0.00174,0,0.97113,0,0,0,0,0.0135,0,1.42062,0,0.06275,0,0.00392,0,0.13261,0,0.19126,3.77478,0,0.05054,0,0,0.01185,0,0.88901,0.23119,0,0.00516,0,0.00305,0,0,0.01419,0.20181,0,1.75538,0,0,0,0,0,0,0,0,0.15612,0,0,0.0053,0.04447,0.02495,0,0.90549,0,0.03245,0,0,0,0,0,0,0.34347,0.02808,0.1914,0,0.05859,0.29429,0,0.01968,0.02345,0,0,0,0,0.21816,0,0.13044,0.24695,0.05098,0,0,0,0.15777,0.00371,0.13709,0,0,0,0.33213,0,0.14437,0.1211,0,0,0.42129,0,2.82229,0,0,0,0,0,0,0.04702,0.00199,0,0,0.33791,0,0.0144,0,0.00981,0.01612,0,0,0,0,0,0,0.00622,0.04716,0,0,0,1.46191,0,0,0.28442,0.01978,0,0,0,0,0.0091,0,0,0,0,0,0,0,0,0.33526,0,0,0,0,0,0,0.04013,0,0,0,0,0,0,0,0.01255,0,0,0,0,0,0,0.18693,0.05745,0.01543,0.0142,0.01182,0,0,0,0,0,0,0
TR10011,7.34376,3.44873,0,0.7307,0.00541,1.63554,0.32187,0,0.47024,6.39623,2.63331,2.70846,1.48618,0.36454,0,0.02161,0,3.90879,3.76824,0,0.06188,0,0.80064,0.23182,0.16896,0,0.30843,0.02121,0.53873,0.75905,0.12283,0.0158,0.63788,0.02107,0.15883,0.06068,1.02193,1.07368,0,0,0.83604,0.58458,0.087,0.22927,0,0.33512,0,0,0,0.11722,0,0,0,0.4584,0.80889,0.09288,0.15212,0.39589,0,0.11533,0.2321,0.99678,0.00855,0.22705,0.12787,0.35888,0,2.60619,0.37721,0.4052,0.42973,0.59548,0,0.3118,0.20792,0.58417,0.24125,0.34088,0,0,1.07659,0.06331,0,0.15198,0.58058,0.23731,1.57167,1.80073,0.01479,0,0.82601,0,1.01701,0,0,2.34425,0.05572,0,0.55235,0.02321,0.84664,0,0.0432,2.25522,0,0,0,0.33313,0.23382,0,0.52177,0.34812,0.01092,0.14476,1.93442,0.05007,1.21641,0.12499,0.27468,2.53776,0.07808,0.15688,0.10437,0,0,0,0.15968,0.11232,0.118,0.02267,0.03037,0,0,0.00988,0.14173,0.00132,0,0.12489,0.06873,0,0.1739,0,0.12694,0.08118,0,0.31705,0.17332,0,0,0.64844,0.49421,0,0.05454,0.14483,0.74546,0.14558,0.14929,0.31945,0,0.41868,0.0165,0,0,0,0,0,1.00373,0.14342,0,0,0.19356,0.56972,0.39437,0,0,0.75382,0,0.32658,0.11939,0.10268,0,0.60255,0.18384,0,0,0.48942,0.11595,0,0.1001,0,0,0.01963,2.54669,0,0,0,0.21692,0.03321,0,1.32957,0,0,0.45562,0,0,2.4246,0.67657,0.093,0.0386,0.14336,0.25,0.17242,0.20969,0.18124,0.08454,0.02877,0.25746,0.59762,0.91325,0.11449,0,0.17765,0.05373,0.0292,0.05161,0,0,0,0,0,0,0,0,0,0,0,0,0
TR10012,6.95382,0,0,0.27374,2.74313,2.22284,0.04606,0.83391,0.02823,3.50918,1.27246,3.30827,0.06663,1.19802,0,0.26464,0,1.48356,5.98407,0,0.28767,0.30013,1.35001,0.50919,0,0.49526,0.66392,0,0.34495,3.50026,3.0592,0.49988,0.94428,0.20865,0.11139,2.0756,2.26046,1.44037,0,0.02153,0.36983,0.27311,0.36974,0.70667,0,0.25191,0.03109,0,0.03652,0,0,0.55506,2.19867,0.57917,0.03035,0.70982,0.07788,0,0.11946,0.71097,0.20312,0.63951,0.18403,0.60953,0.99256,0.85048,0.05065,0.06228,0.52201,0.02064,0,0.82514,0,1.03505,0.23134,0.23322,0.93337,0.74429,0.18814,0,7.32025,0.0227,0.15876,0.0606,0,0.54121,0,0.00871,0.25977,0.22705,0.01887,0,1.02847,0,0,0,0.88046,0.0045,0.22469,0.02093,0.07415,0,0.03587,0.60306,0.00566,0,0.0656,0.54593,0.20757,0.03824,1.00757,0.13576,0.03038,0.07549,1.75599,0,0.0231,0.01785,0.00244,0,0,0,0.06868,0.15375,0,0,0,0.09013,0,0.04414,0,0,0,0.01217,0,0,0.09941,0,0,0.48814,0.03027,0,0.1689,0,0,0,0.09013,0,0,0,0,0.0059,0.44041,0.01537,0,0.01736,0,0.68991,0.2187,0,0.10734,0,0,0,0,0.63537,0.00889,0.12333,0.43039,0.19574,0,0,0,0,0,0,0,0,0,0.03365,0,0,0.01451,0,0,0,0.06569,0.80879,0,0,0,0,0,0.00159,0.01833,0.05255,0,0.02285,0,0,0,0,0.74911,0,0.83784,0,0,0,0,0,0,0,0.0466,0.16472,0.01979,0,1.2409,0,0.23207,0.01194,0.69666,0.15322,0,0,0,0,0,0,0,0,0,0.00372,0.00027,0,0,0,0,0
TR10013,43.38329,0,0,0.43374,0.21774,0.76688,0.0433,0.18315,0,16.2387,0,0.88273,0.26416,0.03765,0.5019,0.10202,0,1.63127,0.01041,0,0,0.00614,1.43892,0,0,0.84202,0.28366,0,0.24809,14.21334,0.08268,0.47392,0.13343,0,0.11536,0.0931,0,0.12226,0,0,0.09413,0.16233,0,0.06531,0,0,0.18518,0,0,0,0,0.36367,0.03125,0.52075,0,0,0.21513,0.38549,0,0,0.04319,0.95392,0.00422,0,0.39399,0,0.02325,0,0.0621,0.15764,0,0.84536,0.26984,0,0,0.01778,1.04524,0.70331,0,0,0.84166,0.03197,0.03564,0.2733,0,0.16976,0.11471,0.25292,0.28186,0,0.08107,0,0.01151,0.09708,0,0.0605,1.77327,0,0.15195,0.00408,0,0,0,1.25956,0,0.00848,0.06692,0.00436,0.16387,0,0.20231,0.00756,0,0.01494,0.13926,0,0.23471,0,0.06828,0.11802,0.04386,0.06945,0,0,0,0,0,0.28082,0,0.00362,0,0,0.00678,0,0.04282,0.00159,0.13407,0,0,0.16473,0.09574,0.25555,0,0,0,0,0.02303,0,0.00587,0,0.14923,0,0,0.01843,0,0.0116,0,0.41708,0,0.03511,0.07082,0,0,0,0.3935,0,0,0,0,0.48815,0,0.01398,0.0755,0.07233,0,0,0,0.01156,0.0134,0,0,0.04811,0.0199,0,0,0.022,0,0,0,0,0,0,0.23757,0,0,0,0.03803,0.14564,0,0,0.42099,0,0.01229,0,0.02096,0.14806,0,0,0,0.03098,0.00293,0,0.016,0.01563,0,0,0,0,0,0.00985,0,0,0.00123,0.01495,0,0,0,0,0,0,0,0,0,0.00301,0,0,0,0
TR10014,6.26579,0.1873,0.67683,9.35966,3.64724,0.5365,0.62577,5.11748,0.85596,10.49343,1.16561,0.09821,0.19278,0.2138,0,0.62247,0,0.24778,0.23835,0,0.06686,0.06482,6.15838,0.37055,1.89547,0.11208,0.05315,0,0,6.4941,0.43332,3.57006,0.09819,0.03894,0.05929,0.25741,0,0.1185,0,0.02254,0.03369,0.15458,0,0.01704,0.9437,0,0.56163,0,0,0.0916,0.02588,0,23.65527,0.23065,0.16137,0,0.00519,0.08027,0,0.12262,0,0.07428,0,0,0.7086,0,0,0,0,0.14696,0,0.34509,0,0.0809,0.16529,0,0,0.51799,0,0.1035,0.51326,0,0.12286,0,0,0.01853,0,0.26499,0.19099,0,0.07127,0,0,0,0.00407,0.33673,0.16468,0,0.22639,0,0,0,0,0.00846,0,0,0,0.61928,0.09347,0,0.01128,0.11757,0,0,0.08321,0,0.13281,0,0,0,0.01318,0,0,0,0.01312,0,0,0,0.00737,0,0.02274,0,0,0,0,0,0.00731,0,0.10407,0.03946,0.01601,0,0,0,0.53421,0,0.00857,0.07322,0,0,0.23279,0,0,0.05494,0,0,1.01377,0,0.10583,0.01746,0,0,0.01235,0,0,2.03749,0,0,0,0,0,0.00608,0.08245,0.11132,0,0,0.01607,0,0.00079,0.0385,0,0,0.00527,0,0,0,1.00395,0.19404,0,0.05726,0.40937,0.03159,0.10323,0,0.10152,0.26043,0.04426,0.06801,0,0,0,0,0,0,0.08832,0,0,0,0.00568,0,0.0067,0,0,0,0,0.13091,0,0,0,0.0688,0,0,0,0,0,0,0,0.94952,0.00138,0,0,0,0.03931,0,0.20744,0,0,0
TR10015,27.01448,0.12791,0.02137,2.82027,1.08913,0.61018,0.37985,1.40859,0.27106,10.08884,0.13045,0.04101,2.0356,0.03335,5.07828,0.18035,0,0.20274,0.01632,0,0,0.02844,7.06035,0.111,0.74446,0.57002,0.01194,0,0.89274,10.86424,0.23558,0.88771,0,0.01268,0.06258,0.11403,0.00873,0.01131,0,0,0.00198,0.01087,0,0.01613,0,0,0.55828,0.00963,0,0.03019,0.00497,0.71243,0.31139,0.11671,0,0,0.00934,0.07966,0,0,0.00473,0.03836,0.03795,0,0.45637,0,0.01549,0.00548,0.0026,0.01563,0,0.89758,0.29952,0.05063,0.08982,0.03768,1.62765,0.74462,0,0,1.04393,0.00264,0,0.07592,0,0.51263,0.70348,0.14409,0.92635,0,0.13489,0.00045,0.00631,0,0,0.33456,0.05377,0,0.11471,0.02121,0,0,0,0.1573,0,0.01321,0,0,0.09442,0,0.08656,0.2045,0.26237,0,0.11597,0,0.18894,0,0.01761,0.09045,0,0,0,0.19108,0.00482,0.03256,0.33328,0.02642,0,0.00691,0.01892,0,0,0,0,0.01038,0.00417,0,0.07675,6.74058,0.05823,0,0,0,0.12378,0.03125,0.0548,1.19811,0,0.00246,0.07283,0.0866,0.04619,0.04556,0,0.0248,0,0.54544,0,0,0.40947,0.5245,0,0,0.02698,1.57678,0,0.07551,0.0146,0,0,0,0.06478,0.04237,0,0,0,0.01133,0,0.12418,0,0,0.02718,0.0109,0,0,0.03225,0,0,0,0,0.00762,0.19088,0,0,0.08648,0.04747,0.00739,0,0.06171,0.42471,0.64873,0,0,0.35952,0,0,0.01388,0,0,0,0,0,0,0,0.00776,0.07425,0.00284,0.01772,0.00191,0,0.07163,0,0,0,0.05014,0.01102,0.00811,0,0,0.06359,0,0,0,0,0.03277,0.00412,0
TR10016,6.52127,0.33852,0.28057,6.95429,1.07612,1.36158,0.43483,4.44885,0.17882,17.34027,1.44787,0.01333,3.91442,0,0.91217,0.4395,0,0.18546,0.11648,0.03245,0.01069,0.04395,6.82213,0.25546,2.86226,1.22316,0.01242,0,0.45369,6.71897,0.22621,0.62473,0.03072,0.02561,0.14216,0.09789,0,0.01729,0.01981,0,0.17473,0.54032,0,0,0.98081,0,0.20693,0,0,0,0,0.75297,8.84228,0,4.26607,0,0,0.26862,0.17057,0,0,0.01568,0.06013,0,0.38933,0,0.03912,0,0,0.03087,0.00161,0.10945,0,0.21109,0.00485,0.05795,0.66804,0.11773,0,0.01802,0.58402,0,0.05548,0.0052,0,0.2188,0.18783,0.54715,0.00186,0,0.04206,0,0,0,0,0.53884,0.05414,0,0.10342,0,0,0,0,3.27786,0,0,0,0.22203,0,0,0,0.06754,0,0,0.33041,0,0.19618,0,0.01974,0.10252,0,0,0,0,0.0219,0.15901,0,0.04309,0.44618,0,0.0341,0.00663,0,0,0.02881,0.04968,0.03635,0.0063,0.02016,0,0.03384,0,0,0,0.03193,0.04674,0.03235,0.17727,0,0.03663,0.14434,0,0.02825,0.04907,0,0.06555,0.24035,0,4.0921,0,0.06325,0.18051,0,0,0,0.05644,0,0,0,0,0,0.07058,0.04027,0,0,0,0,0.02905,0,0.07354,0.01758,0.01754,0.00919,0.06581,0,0.01248,1.19256,0,0,0.01731,0,0,0.27268,0,0.08464,0,0.02175,0,0,0.11152,0.12718,0.053,0.00982,0,0.07495,0.35839,0,0.02081,0,0,0.00066,0,0.00905,0,0,0.03221,0,0.07968,0,0.02636,0,0,0.00851,0.00278,0,0.41734,0.26791,0,0,0,0,0,0,0,0,0.09344,0,0
TR10018,10.55937,0.18389,0.35976,15.17699,4.94364,2.01187,1.26994,1.41785,0.22317,7.93175,0.77881,0.06787,0.34812,0.02524,0,1.44825,0,0.28171,0,0,0.00624,0.08154,2.75104,0.28426,1.7221,0.88672,0,0,0.30123,5.42133,0.05862,1.97417,0.00271,0.12298,0.10452,0.06782,0.00058,0.03064,0,0.07522,0.06838,0.01928,0,0.02826,0,0,0.4054,0.01093,0,0.01243,0,0,15.06904,0,0,0,0,0.08135,0.77721,0,0,0,0,0,1.18885,0,0.02533,0,0.00061,0.02823,0.01653,0.18105,0.24711,0,0,0.02339,8.74429,0.64532,0,0.11567,0.08548,0,0,0,0,0.20174,0.15788,0.11226,0.63262,0,0.05469,0,0,0,0,0,0.08671,0,0.06952,0,0,0,0,0,0,0,0,0.13946,0.11383,0,0,0.00466,0,0,0.04876,0,0,0,0,0.02049,0.01634,0,0,0.21061,0,0,0,0.29741,0,0,0.00059,0,0.00173,0,0,0,0.03,0,0.11845,0,0.02041,0,0,0,0.34264,0,0.11726,0.1316,0,0.00983,0.01558,0,0,0.00583,0,0.01733,0.12343,0,3.33422,0.03142,0.03819,0,0,0,0,2.37912,0,0,0,0,0,0,0.01943,0,0,0,0,0,0,0.03801,0.0224,0,0,0,0,0,1.81432,0,0,0.0388,0,0,0.07545,0,0,0,0.01535,0.00205,0,0,0,0,0,0,0.03935,0,0,0,0,0,0,0,0,0.00581,0,0.00811,0.1047,0.01086,0.02367,0.00074,0,0.06891,0.00038,0,0,0,0,0,0,0,0,0.02278,0,0.00562,0,0,0,0
TR10020,16.18629,0.18478,0.34366,4.70987,3.4593,0.83543,0.59595,1.82792,0.61136,9.34524,0.37222,0.06219,1.15175,0.04649,2.98555,0.71273,0,0.20204,0.08099,0,0.02036,0.02386,5.01336,0.20428,2.05471,1.11053,0.02314,0,0.61553,13.42219,0.2161,1.19799,0.05836,0.03551,0.07152,0.21183,0.00399,0.039,0.00929,0,0.03684,0,0,0.00148,0.73735,0,0.5724,0,0,0.02657,0.13538,0.54417,4.96813,0.28541,0.16561,0,0.01385,0.06029,0,0,0,0.04013,0.01647,0,1.83394,0,0.01773,0,0.00648,0.03034,0,0.66732,0.1446,0.01867,0.06442,0.02477,0.86154,0.76444,0,0.03443,0.51733,0,0,0.02365,0,0.28607,0.32449,0.28146,0.48859,0,0.07834,0,0,0,0,0.30998,0.05924,0,0.11179,0.0011,0,0,0,0.09866,0,0,0,0.33852,0.06622,0,0.04445,0.14885,0.11163,0,0.0962,0,0.16965,0,0.00844,0.07908,0,0,0,0.08146,0,0.0151,0.08953,0.01569,0.02989,0,0.02091,0,0,0,0,0.01093,0,0,0.11779,3.84941,0.13187,0,0,0,0.16045,0.01861,0.00896,0.62597,0,0.00528,0.18595,0.0432,0.00362,0.03756,0,0.0306,0.38107,0.25206,4.46935,0,0.1968,0.2678,0,0,0.01475,1.12472,0,0.02288,0,0.05921,0,0.00763,0.04984,0.08924,0.00067,0,0,0.03403,0,0.05325,0,0.00543,0.01464,0,0,0.00158,0.7094,0.02473,0,0.02634,0.61278,0.06014,0.16298,0.01287,0.17494,0.4028,0.04254,0.03701,0,0.01535,0.16717,0.27173,0,0,0.12028,0,0,0,0,0,0,0,0,0,0,0.02357,0.05902,0,0.00628,0.00894,0.04133,0.0413,0,0,0,0.0084,0.05466,0.12603,0.00482,0.03669,0.01446,0,0,0,0.15247,0.129,0,0
TR10021,34.52521,0.01618,0,0.58606,0.36553,0.06627,0.06947,2.26747,0.03383,23.51516,0.0562,0.7727,3.06235,0.03552,2.14625,0.80049,0.17923,0.30893,0.04038,0.02526,0.00397,0.10083,1.07771,0.00975,0.57833,0.18564,0.02731,0,1.19924,1.90193,0.17562,0.02855,0.01603,0.017,0.00442,0,0,0,0,0.02604,0.30757,0.005,0.01342,0.08911,0,0.01287,0.89635,0.01499,0,0.01892,0,5.06618,1.22407,0,0.2006,0.00226,0.14731,0.01096,0.33178,0.01008,0.02398,0.01549,0.0382,0,0.10732,0,0,0,0.00142,0.02345,0,0.24343,0.02453,0.02076,0.01392,0.03323,0.85212,0.06135,0.04802,0,0.06835,0.0948,0.05774,0.01227,0,0.00162,0.01096,0.12784,0.06343,0.02421,0.00808,0,0,0,0,0.02269,0.06357,0,0.01976,0.09301,0,0,0,1.26319,0,0.0071,0,0.00536,0.00837,0,0.01382,0,0.53122,0.00621,0.03306,0,0.6723,0,0,0.00646,0,0,0,0,0,0.08629,0,0.1794,0.02942,0.0155,0,0,0.02333,0,0.01011,0.00661,0.02143,0.03813,0,4.19486,0.00093,0,0,0,0,0,0,0.00539,0,0.02102,0.01084,0.01159,0.03085,0,0,0,0.00068,0.46039,0.00208,1.1855,0.10776,0.70413,0.21819,0,0,0,0,0.92067,0.00485,0.70795,0,0.08051,0.02787,0,0,0.02153,0.01132,0,0.02029,0.00109,0.01388,0.01566,0.00241,0.07019,0,0.021,0,0,0,0,0,0,0.27568,0,0,0,0,0.05888,0,0.41364,0.01039,0.23877,0,0,0,0,0,0,0,0,0.03067,0.03511,0,0,0,0,0.02453,0.00124,0,0,1.10733,0.025,0,0.00294,0,0.00737,0,0,0,0,0.03454,0.03644,0,0,0,0,0,0
TR10023,0.91824,0,0.16851,0.52114,5.09941,1.26904,0.78476,0.12106,1.03537,0.0672,0.06255,0.03977,0.58664,0.06258,5.69424,1.23921,0,0.31557,0.0196,0,0,0.01967,6.40607,0.34278,5.55412,2.34963,0.08461,0,0,21.14654,0.76575,0.37491,0,0.16151,0.36648,1.86944,0.01923,0.05274,0.31142,0.26276,0,0,0,0.01904,0,0,1.25,0,0,0,0,1.42503,12.37792,1.13332,1.23988,0,0.22684,0.05279,0,0,0,0.11032,0.08922,0,1.03541,0,0.10448,0,0,0.70416,0,0.13494,0,0,0,0.00656,2.12709,2.26714,0,0,0.57804,0.00447,0.04429,0.01051,0,0.02573,0.1849,0.81095,0.8118,0,0.0947,0,0,0.04732,0,0.04987,0.20172,0,0.15719,0,0,0,0,0.02364,0,0.01071,0,0.02419,0.06046,0,0,0.06107,0,0,0.06986,0,0.06328,0,0.06373,0.16839,0,0,0,0.09416,0,0,0.01582,0,0.26399,0,0.00101,0,0,0,0.06241,0.01119,0,0.01995,0,0,0.05079,0,0.02968,0,0.08517,0.00786,0.01174,0.86907,0,0.03521,0.30159,0,0,0.06372,0,0.01329,0.43413,0,1.91699,0,0,0,0.03176,0,0,6.47769,0,0,0,0,0,0,0.16123,0.0986,0,0,0.0308,0.0233,0.06272,0.01475,0,0.01759,0.05739,0,0,0.00575,0.22758,0,0,0.06842,0,0.01097,0.63065,0,0,0.02372,0.01981,0.23592,0.24306,0.04615,0,0,0,0,0.05748,0.19164,0,0,0,0,0,0,0.07602,0.00886,0,0,0.04943,0.00926,0.08605,0.03071,0,0,0.0089,0,0,0,0,0.17637,0,0,0.10729,0,0,0.1544,0,0.08708,0,0
TR10024,2.56661,0.08519,0.30272,7.86718,6.88959,0.7663,0.15259,0.47562,0.82729,1.26611,0.2019,0,0.0313,0.00375,0.04638,0.97312,0,0.14297,0.07192,0,0.03669,0,2.8026,0.08012,3.68179,2.4531,0,0.03419,0.15152,28.55848,0.01264,0.21449,0.08231,0.02157,0.01275,0.2207,0,0.00477,0.07077,0,0,0,0,0,0,0,0.58657,0.00124,0.01866,0,0.39105,0,0.0104,0.62644,0,0,0,0,0,0,0,0,0,0,5.62072,0,0,0,0.01879,0.0121,0.02463,0.69579,0,0,0.04872,0,0.00127,1.34701,0,0.03466,0.01627,0,0,0,0,0.08484,0,0.22762,0.0262,0,0,0,0,0,0,0.3288,0,0,0.09212,0,0,0,0,0,0,0,0,1.17133,0.02066,0.02201,0,0.09707,0,0,0,0,0,0,0,0,0,0,0,0,0,0,0,0,0.00028,0,0.0049,0,0,0,0,0.01732,0,0,0.22275,0.05478,0.36159,0,0,0,0,0.00884,0,0.39293,0,0.00365,0.39094,0,0,0.0475,0,0.0014,0.4636,0,17.70174,0,0,0,0,0,0,0.00817,0,0,0,0,0,0.00828,0.00892,0.14832,0.0323,0,0.00063,0,0,0,0.02367,0.00766,0.00481,0,0,0,1.54613,0,0,0.00835,2.26899,0.22411,0,0.06359,0.86059,0.86455,0.01935,0,0,0,0,0,0,0,0,0,0,0,0,0,0,0,0,0,0,0,0.07573,0,0,0.0009,0,0,0.00213,0,0,0,0.28431,0,0.02871,0.19087,0,0,0.00417,0.01036,0.48854,0.47021,0,0
TR10027,12.03733,0.0359,0.32573,18.28298,0.38134,1.20517,0.07537,0.49452,0.1842,20.38583,0.81303,0.05029,0.0033,0.07919,0.3206,0.11526,0.01068,1.14502,0.10214,0,0.037,0.05358,2.37381,0.1407,0.30972,0.41238,0.10696,0,1.94052,13.62213,0.31189,0.89639,0.27485,0.02518,0.13512,0.13567,0.01653,0.09073,0.00329,0,0.1873,0.06413,0,0.01853,0,0.01635,0.07505,0.05617,0.02016,0.01531,0.17091,1.19038,1.10094,0,4.18096,0.00111,0.05749,0.00877,0,0.05763,0.0514,0.02476,0.0512,0.02322,0.37044,0.00895,0.0074,0.02552,0.06942,0,0.00865,0.28479,0.26488,0.06694,0.04602,0,2.36979,0.57669,0,0.0047,0.47797,0,0.02978,0.00657,0,0.21811,0.43079,0.01879,0.21511,0,0,0,0,0,0,0.03865,0.08191,0,0.24912,0,0.00312,0,0,3.24964,0,0,0,0.19632,0.03414,0,0.04974,0.08633,0.00144,0.01852,0.1785,0,0,0,0.03385,0,0.0285,0,0,0.00461,0.0248,0.03647,0.03866,0.05798,0.07597,0,0,0.0012,0.00263,0,0,0,0.05807,0,0.09115,0.02466,0.02705,0,0,0,0.01257,0,0.02654,0,0,0,0.24475,0.02837,0.07197,0.01989,0,0,0.31964,0.03158,0.58462,0,0.12298,0.06527,0,0,0.00057,0.05473,0,0.0005,0,2.3156,0,0,0,0.00594,0,0,0,0,0,0,0.01088,0,0.03196,0.00153,0,0,0.32832,0.0931,0,0.01001,0,0,0,0,0,0.05868,0.04606,0.38043,0,0,0.12337,0,0.02275,0,0.0774,0,0,0,0,0,0,0,0.01059,0,0,0,0.12275,0,0,0.01025,0,0.04778,0,0,0,0,0.04769,0,0,0,0.00413,0,0,0,0.02739,0,0,0
TR10030,7.89404,0.16864,0.22915,7.47361,1.75969,0.95528,0.13758,0.39293,0.08041,13.76925,0.24934,0.18787,1.33034,0.08633,4.14946,0.15806,0.02195,0.06067,0.01346,0,0.05167,0.03154,7.37418,0.0503,2.39148,0.28078,0.00261,0,2.27919,7.07042,0.40208,2.54074,0.00656,0.02544,0.01049,0.00914,0,0.00237,0.00284,0,0.19122,0.00624,0,0,3.43375,0,0.55226,0,0,0.00703,0.10338,1.77875,6.77785,0.00372,0.86165,0,0,0,0.06104,0,0,0.01726,0,0,0.32833,0,0,0.02686,0.01957,0,0,0.29583,0,0,0,0.02649,2.07341,0.03723,0,0,1.59242,0,0,0,0,0.28197,0.00587,1.43397,0.12211,0,0.00273,0,0,0,0,0.03434,0.16602,0,0.09075,0,0,0,0,0.4767,0,0.06546,0.0431,0.01205,0.21347,0,0,0.05043,0.02183,0,0.0831,0,0.12193,0,0,0.02125,0,0,0,0.04728,0,0.00769,0.06946,0.15913,0.14843,0,0.10476,0,0,0,0.04359,0.0639,0.01951,0,0.02547,1.07185,0.0344,0.04098,0,0,0.04127,0.10875,0,0.22899,0,0.06361,0.61234,0.00979,0,0.00305,0,0.08396,0.13456,0.00965,0.02056,0.0285,0.41561,0.03459,0,0,0.03082,0.35201,0,0.00666,0,0.57294,0,0.43963,0.00714,0,0.01759,0.03246,0.01031,1.0231,0,0.02816,0.02114,0.32717,0.00041,0,0,0.39984,0.45613,0,0.01298,0,2.48385,0.01222,0.07739,0,0,0,0.00259,0.00887,0,0.12773,0,1.58415,0,0,0.08629,0.10039,0,0,0.00676,0,0.28997,0.00044,0.09078,0,0,0.09136,0.22188,0.00754,0.00535,0.03157,0.01394,0.31253,0,0,0.00872,0.10473,0,0.12301,0.0041,0,0,0.11211,0,0,0,0.26388,0,0
TR10032,2.27979,0.15198,0.08094,1.81369,8.3146,0.05187,0.27873,0.32952,0.7897,0.28891,0.08397,0,0,0.00705,0,1.16711,0,0,0.00516,0,0.00281,0,0.77409,0.04947,1.15619,1.21506,0.01405,0,0.06178,18.14934,0.19421,0.96527,0.00143,0.00851,0.00511,0.23659,0,0.00487,0,0.00108,0,0,0,0,5.4745,0,0.21165,0,0,0,0.06095,0,5.3348,2.29391,0.09242,0,0,0,0,0,0,0,0,0,1.84301,0,0,0,0.00229,0.07043,0,2.18401,0.00189,0,0.00269,0.05661,0.55633,2.01362,0,0.01451,2.01692,0,0,0,0,0.65416,0.01006,0.13481,0.80175,0,0,0,0,0,0,0,0,0,0.20143,0,0.06557,0,0,0.02417,0,0,0,1.08334,0.01789,0,0,0.12007,0,0,0.27412,0,0,0,0.34853,0.27878,0,0,0,0.71745,0,0,0.0384,0.01214,0.0439,0,0.03189,0,0,0,0,0.12722,0.03465,0,0.19066,0,0.645,0,0,0,0.03733,0.00029,0.05238,0.00206,0,0.03028,1.62923,0.02806,0.00241,0.02662,0,0.42949,0.53603,0,6.63892,0,0.06227,0,0,0,0.03568,0.59354,0,0,0.00706,0.0932,0,0.00914,0,0,0.0147,0,0,0.53991,0,0,0.00297,0,0.00975,0,0,0,1.32034,0,0,0.04636,3.96942,8.09652,0,0,0.70874,0.82218,0.06505,0,0.06242,0,0.01074,0,0,0,0.396,0,0,0,0,0,0,0,0,0,0,0,0.61206,0,0.08678,0.01551,0,0.02143,0.01703,0,0,0,0.63175,0.48762,0.69275,0.46349,0,0,0.16973,0,3.46079,0,0,0.19236
TR10033,29.72967,4.25625,1.22663,5.40767,1.93502,2.46557,2.55381,1.96976,5.49521,1.57536,2.20164,0,0.53557,0.11914,0.03614,1.18117,0,0.57265,0.03908,0,0.10158,0.1597,2.00852,0.63891,3.56806,1.09837,0.25318,0.17789,0.11193,8.35204,0.19162,0.13879,0,0.07841,0.52791,0.51355,0,0.026,0.60771,0,0,0,0,0,0,0,0.25703,0.02817,0.06694,0.0129,0.33047,0,1.01789,0.42308,1.6544,0,0.00926,0.20937,0,0,0.00051,0,0.02882,0,0.26255,0,0,0.00664,0,0.05202,0.01058,0.1413,0.32893,0.04152,0.00772,0.10243,0.1535,0.1595,0,0.3829,0.0447,0,0.00462,0.0264,0.00744,0.08697,0.02223,0.86219,0.10686,0,0.3094,0,0.0538,0.01806,0,0.23036,0.11016,0,0.01505,0,0,0,0,0.13873,0,0.00212,0.04677,0.04341,0.02406,0.00559,0.03978,0.22056,0,0,0.02895,0,0.72515,0,0,0.02028,0,0.00556,0,0.05161,0,0,0.0076,0,0.10014,0,0.01369,0.03361,0,0,0,0.07566,0,0.03192,0.02423,0.05241,0,0.19929,0,0,0.26383,0.00094,0.00498,0.12538,0,0.05553,0.02259,0.00265,0.09864,0.01311,0,0.07027,0,0,4.1249,0,0.03943,0,0,0,0.02038,0.32922,0,0,0,0,0,0.03153,0.07595,0.00678,0.02047,0.02266,0.0158,0.03234,0,0.03776,0,0,0.0165,0,0.00325,0.01584,0.41203,0,0,0.37441,0.00586,0,0,0,0,0,0.04442,0.01874,0.00484,0.03399,0,0,0,0,0.01488,1.0633,0,0,0.05805,0,0.03322,0.06925,0.08065,0,0,0,0,0.00539,0,0.00578,0,0.0288,0,0,0,0.18884,0.72446,0.02182,0,0,0.01775,0,0,0,0.00882,0.01517,0.02787,1.0509
TR10034,12.62493,0,0,0.18524,0.62908,0.01467,0.00526,0.35791,0,12.03689,0.00533,0.09438,1.76497,0.08053,2.95509,0.179,0,0.29259,0.01494,0,0,0,2.66234,0,0.1035,0.29655,0,0,0.88652,8.73391,2.67139,0.46358,0.00288,0,0,0.05135,0.02751,0.02659,0,0,0,0.01892,0,0,0,0,0.12179,0,0,0,0,0.37619,0.82638,0,0.03787,0,0,0.10634,0.01267,0,0,0.03852,0,0,1.52033,0,0.1262,0.00499,0,0.12291,0,1.86842,0.09364,0,0,0.1237,5.0708,7.60252,0,0,4.88006,0.02329,0.34302,0.59083,0,0.40069,0.27693,0.3576,1.16372,0,0.23374,0,0,0,0,0.95871,2.01433,0,1.21272,0,0,0.02633,0,0.62024,0.00923,0.05951,0.02958,0.19485,1.06731,0,0.00094,0.03061,0.04591,0,1.48671,0,0.07355,0,0.0867,0,0.12568,0,0,0.75857,0,0.00222,0.01507,0.35426,0,0.00374,0.4024,0,0,0,0,0.02401,0.26742,0,0.03985,1.8248,0.26059,0.71489,0,0,0.01608,0.07406,0.11088,0,0.00218,0.02504,1.18202,0.01126,0,0.10449,0,0.15982,0,0,0,0.46521,0.08038,0.35721,0,0,0.09228,0,0,0.02859,0.03202,0.20638,0,0.12884,0.00357,0,0,0.03579,0,0.19144,0,0,0.38497,0.28816,0.07374,0,0,0,0.01358,0,0,0,0,0.02731,0.29581,0.00031,0,0.04517,0.11822,0.01681,0,0.5031,0,0,0.01825,0,1.6214,0,0,0,0,0.02557,0,0,0.00441,0,0,0,0.70949,0,0,0.08378,4.50518,0.10333,0.01777,0.01369,0,0.05513,0,0.53698,0,0.00264,0,0,0,0,0,0,0,0
TR10035,2.11157,2.42465,0.34523,4.10887,2.7403,0.30076,1.51604,0.71525,2.83992,2.91049,0.81899,0,0,0.00274,0,0.63728,0,0.06915,0.38056,0,0.01313,0,7.55731,0.83765,12.76953,2.82521,0,0.37332,0.07853,13.22802,0.55723,0.00213,0,0.00496,0.15644,0.25267,0.00062,0,0.37691,0,0,0,0,0,0,0,0.16715,0,0.03619,0.00259,0.63658,0,5.98533,0.60397,2.39527,0,0.03121,0,0,0,0,0,0,0,1.39728,0,0,0,0,0,0.01026,0.71962,0.04467,0,0,0,0.56088,0.71769,0,0.17026,0.52182,0,0,0,0,0.09662,0,1.08031,0.10486,0,0,0,0,0,0,0,0.09997,0,0.3485,0,0,0,0,0,0,0,0,0.39356,0.08642,0,0,0.46323,0,0,0,0,0,0,0,0,0,0,0,0,0,0,0.04031,0.0416,0.29096,0,0,0,0,0,0,0,0,0,0.11128,0,0.01028,0,0,0,0.1469,0,0.02831,0.20789,0,0,0,0.0788,0,0.13251,0,0,10.9549,0,0.39916,0,0,0,0,0,0,2.79374,0,0,0,0,0,0,0,0.11359,0.00472,0,0,0,0,0.14812,0,0,0,0,0,0,2.42604,0,0,0.21584,0.21719,0,0,0,0.03154,0,0,2.17993,0.05458,0,0,0,0,0,0.05679,0,0,0,0,0,0,0,0,0,0,0,0,0,0,0,0,0,0,0,0,0,1.21629,0,0,0.02699,0,0,0.03613,0,0.11268,0,0.03056,0.17668
TR10036,16.15839,0.05782,0.06647,1.31792,4.35633,0.27587,0.36921,1.05271,0.16971,17.86599,0.12985,0.13906,1.55585,0.0466,6.50446,0.61872,0.02906,0.13397,0.03091,0,0.01952,0.05232,1.09427,0.05643,2.61592,1.39066,0.03822,0.00194,1.04767,7.79111,0.20879,3.16297,0.03166,0.04017,0.0423,0.07847,0,0.00758,0.01698,0.00913,0.04147,0.0381,0,0,0.21199,0,0.77525,0.00985,0,0,0.01787,1.80504,8.65939,0.1364,0.50234,0,0.0093,0.02735,0.08827,0.01137,0,0.05783,0.01889,0,0.32419,0,0.06822,0,0.01813,0.02142,0,0.15499,0.01306,0,0.01675,0.02349,0.31642,0.36418,0,0,0.25067,0,0,0.00563,0,0.19673,0.03508,0.75541,0.2662,0.0017,0.03915,0,0,0,0,0.18843,0.09591,0,0.02954,0,0,0,0,0.08907,0,0.0273,0,0.14326,0.01836,0,0.0042,0.01341,0.02321,0,0.04531,0,0.40163,0,0.00954,0.1454,0,0.00222,0,0.05045,0.00938,0.09403,0.04141,0.0245,0.16012,0,0.06482,0.00404,0,0,0,0.01426,0.00086,0,0.02104,7.59985,0.06951,0,0,0,0.07649,0.0126,0,0.26471,0,0.03458,0.13473,0.00687,0,0.0053,0,0.10898,0.115,0.01368,2.00875,0.01602,0.06765,0.27495,0.0181,0,0.03318,0.08418,0,0,0.00439,0.21979,0,0.00468,0.06153,0.0113,0.01579,0.0108,0.01541,0.12172,0,0.00553,0,0.03826,0.00814,0.00945,0,0.02427,0.96856,0,0,0.02304,0.16195,0.10126,0.28202,0,0.03547,0.0859,0.03017,0.16878,0,0.03311,0.02009,0.02358,0,0,0.00609,0,0,0.025,0,0.01462,0.0252,0,0,0,0,0.01623,0.03034,0,0.01511,0.0133,0.35076,0.00238,0.00102,0,0.00347,0,0.00629,0.02506,0.00915,0.00411,0.00406,0.02197,0,0,0.01755,0.06957,0,0
TR10037,17.42687,0.03133,0.13646,7.90524,0.37933,0.68383,0.45443,0.41785,0.17982,9.8454,0.15233,0,0.11488,0.035,0,0.5841,0,0.10857,0.0901,0,0.00107,0.012,6.84172,0.09211,1.6297,0.75826,0.03946,0.00775,0.57844,15.97123,1.22938,0.56792,0,0.03694,0.06141,0.24761,0.058,0.04457,0.03478,0.01874,0,0.01518,0,0.0054,0,0,0.01046,0,0,0.00029,0.09421,0,2.1044,0.11043,1.78666,0,0.01936,0.00689,0.00453,0,0.00128,0.00662,0.01763,0.00637,2.31451,0,0.04011,0,0.02171,0.10979,0.0124,2.6234,0.04832,0.07163,0.0534,0.006,0.19945,0.8751,0,0.02996,1.64939,0,0.11414,0,0,1.86796,0.11543,0.79102,1.50529,0,0.04475,0,0.02411,0,0,0.21452,0.6015,0,0.15952,0,0,0,0,1.47594,0,0,1.64767,1.38872,0.08478,0,0.1108,0.26177,0,0,0.29686,0,0.1322,0,0.02412,0.0729,0.02775,0,0,0.19267,0,0,0.27605,0.13251,0.00159,0,0.0389,0.02082,0,0,0.00876,0.00244,0.15547,0.00722,0.14057,0,0.24825,0,0,0,0.05347,0.00164,0.25733,0.28185,0,0.00279,0.24405,0.13444,0.27827,0.03999,0,0.06214,0.04873,0,0,0.04509,0.69782,0,0,0,0,1.23358,0,0.04508,0.09539,0,0,0,0.0203,0.14975,0.01535,0.01327,0.00762,0.00813,0,0.10415,0.04801,0.04247,0.03596,0,0,0.03439,1.97694,0,0,0.08328,0,0.18305,0.09403,0.0137,0.07504,0.01834,0.04133,0.06083,0.00704,0.04553,0,0.06989,0.00089,0,0.31027,0.04704,0,0,0,0.01954,0.02006,0,0.13057,0,0,0.09318,0.0392,0.02704,0,0.02888,0,0.46394,0.00446,0,0,0,0.09707,0.05459,0,0.01302,0,0.00089,0,0,0.03128,0.02101,0,0.01566
TR20001,0.11281,1.47711,2.46337,8.1259,0.10829,4.04321,1.39202,1.90699,5.6362,0.07329,16.32017,0,1.08021,3.33,0,0.47859,0,2.14586,1.45235,0,1.04305,0.41393,2.51081,4.93344,0.44654,0.11713,0.51023,0.64233,0.03687,0.62717,0.19887,0.44537,0,0.61843,1.16455,0.81742,0.50335,1.12853,0.0529,0.02141,0.57389,0,0,0.33065,0.50296,0,0.00905,0,0.15686,0.50992,4.4571,0,1.9226,1.295,0,0,0.11382,1.21566,0.34084,0.07468,0.34103,0,0,0.18979,0.49624,0.04257,0,0.6363,0.43041,0.30007,0.11616,0,0,0,0.38406,0.34131,0,0.05898,0.01982,0.4075,0,0,0,0,0,0.06124,0,0.43526,0,0,0.50929,0,0,0,0.30646,3.01008,0,0.1435,0,0,0.146,0,0,0,2.01083,0,0,0.06494,0,0.10765,0,0.28997,0,0,0,0.08485,0.10486,0.01639,0,0,0.04739,0.01839,0,0,0,0,0.04773,0.05152,0.29163,0,0,0.06053,0,0,0,0.06957,0,0,0,0,0.04462,0,0.431,0.03578,0.07384,0,0,0.00154,0.02368,0.18631,0,0,0,0.01428,0.03867,0.63253,7.49344,0,0,0,0.07912,0,0,0.00926,0,0,0.01828,0,0,0,0,0.02617,0.01618,0,0.17222,0,0.00251,0,0,0,0,0,0.0145,0,0,0,0.2026,0,0.04211,0.00826,0,0,0.16359,0,0.07075,0,0,0,0,0,0,0,0,0,0,0,0.00932,0,0,0,0,0,0,0,0,0,0.10853,0,0,0,0,0.05559,0.01184,0,0,0.24802,0,0,0,0,0,0,0,0,0,0,0,0.12625
TR20005,6.34043,9.08387,1.83782,1.13366,0.3845,4.30297,2.3251,0.02716,8.20745,1.31358,6.49905,0.03523,0.51698,1.58455,0,0.63419,0,1.52245,1.8115,0,0.35204,0.43472,3.10891,1.44722,0.73823,0.10991,1.43609,0.22435,0.30426,3.47011,0.30566,0.27584,0.43574,0.27884,0.425,2.13482,0.54184,0.62713,0.02003,0.09365,1.28021,0,0,0.24012,0,0,0.09733,0,0.64307,0,1.67167,0,0,5.01911,1.01678,0.50769,0.11993,0.81521,0,0.16891,0.42631,0,0.02101,0.25825,0.15938,0.30474,0,0.73341,0.40998,0.23578,0.02063,0.23169,0.60525,0.0467,0.15657,0.07171,0.71031,0.21153,0.03793,0.22152,0.20085,0.02581,0,0.45755,0.13952,0.39244,0.54205,0.14924,0.03821,0,0.36645,0.01724,0.40583,0,0.09448,0.1186,0.12476,0.03123,0.06518,0.03604,0.04741,0.21352,0.00759,0.10873,0,0.01286,0,0.23653,0.26596,0.05789,0.34899,0.19082,0,0.04377,0.05385,0.22149,0.21262,0.05316,0.01364,0.14643,0.01924,0.0672,0,0,0,0,0.18517,0,0.00475,0.0018,0,0,0,0.01435,0.04012,0,0,0,0.00738,0,0.02199,0,0.49535,0,0.0085,0.03065,0,0.11251,0,0.00174,0.04633,0,0.00311,0.03271,0.27951,0.0383,5.32345,0,0,0.23274,0.23151,0,0,0,0,0.13966,0.058,0,0.02777,0,0.04942,0.03608,0.14877,0.02045,0.02386,0,0.06264,0.03252,0.02021,0.23841,0,0.13646,0.01293,0,0,0.03764,0.24081,0,0.02785,0.15715,0,0,0.97306,0,0.02518,0.03572,0,0,0,0.47806,0.24539,0,0.01939,0,0.09822,0,0.08536,0.00351,0,0.04985,0.05417,0,0.03039,0.01954,0.00756,0,0.06502,0.05931,0.11639,0,0,0.17557,0.01598,0,0.00739,0,0.00356,0,0,0,0.01849,0.02878,0,0,0,0.00873,0,0.2635
TR20007,0,0,0,0,0,0,0,0,0,0,0,0,0,0,0,0,0,0,0,0,0,0,0,0,0,0,0,0,0,0,0,0,0,0,0,0,0,0,0,0,0,0,0,0,0,0,0,0,0,0,0,0,0,100,0,0,0,0,0,0,0,0,0,0,0,0,0,0,0,0,0,0,0,0,0,0,0,0,0,0,0,0,0,0,0,0,0,0,0,0,0,0,0,0,0,0,0,0,0,0,0,0,0,0,0,0,0,0,0,0,0,0,0,0,0,0,0,0,0,0,0,0,0,0,0,0,0,0,0,0,0,0,0,0,0,0,0,0,0,0,0,0,0,0,0,0,0,0,0,0,0,0,0,0,0,0,0,0,0,0,0,0,0,0,0,0,0,0,0,0,0,0,0,0,0,0,0,0,0,0,0,0,0,0,0,0,0,0,0,0,0,0,0,0,0,0,0,0,0,0,0,0,0,0,0,0,0,0,0,0,0,0,0,0,0,0,0,0,0,0,0,0,0,0,0,0,0,0,0,0,0,0,0,0,0,0,0,0
TR20013,20.31267,3.54643,1.48038,1.02271,0.3628,6.57527,0.988,0.9715,1.6273,3.01008,4.43066,5.30399,5.01352,0.57159,1.01198,0.29814,1.20963,1.00605,0.40379,0.09162,0.36337,1.02374,0.68967,1.13546,0.55432,0.11238,0.78555,0.46626,0.76105,0.75416,0,0.08976,0.09999,0.52427,0.39018,0.37628,0.00205,0.36848,0.17796,0.01323,2.75641,0.65775,0.48144,0.19898,0,0.76998,0.07241,0.03542,0.13243,0.09551,0.90387,0.41816,0.68034,0.55892,0,0.08706,0.09881,0.84003,0.18155,0.39906,0.36142,0.22535,0.28977,0.03819,0.0233,0.27715,0,0.73701,0.32764,0,0.01158,0.15522,0.14639,0,0.00505,0.30709,0.01805,0.04932,0.23893,0,0.25388,0.14555,0,0.00046,0.02326,0,0.19978,0.16669,0,0.07904,0.41884,0.06117,0.85859,0.04183,0.01543,0.11459,0,0.02196,0.04887,0.04983,0.11305,0,0.02357,1.87133,0.0115,0.08668,0,0.02181,0,0,0.28051,0.04881,0.18754,0.02978,0.17479,0,0.60895,0.04688,0,0.28306,0,0,0.10193,0,0.06173,0.13664,0,0.05524,0.36932,0.01567,0.00166,0.07435,0,0.01748,0.00727,0.02328,0,0.03167,0,2.70678,0.00535,0,0.03187,0.01258,0.01035,0.02994,0,0.02565,0.16126,0.08838,0.12116,0.0047,0,0.04641,0.12642,0.06702,0.50503,0.683,0,0.54475,0.01928,0.82033,0.25139,0.00279,0,0.7868,0.1284,0.00632,0,0.11315,0.11467,0.03278,0.04184,0,0.18486,0.18004,0.01691,0,0,0,0,0.00104,0.07222,0.23483,0,0.02852,0.1204,0.02238,0.0056,0.00334,0,0,0,0,0,0,0.06302,0.03228,0,0.55366,0,0,0.16817,0.06,0.02957,0.09554,0.07364,0.00361,0.06288,0.00091,0.02022,0.03925,0.02736,0.01862,0.07537,0,0.02588,0.00369,0,0.01536,0,0,0.01301,0.012,0.00236,0,0.02071,0.00256,0,0,0,0.04212,0,0,0,0,0,0
TR20014,9.98107,0,0,0.12631,0.03393,5.57104,0.01301,0.80073,0.04344,11.60108,0.58178,1.18124,3.51037,0.66304,0.27512,0.01493,1.0039,2.24249,0.62909,1.09386,0.09925,0.16779,3.78976,0.28442,0.09202,0,0.08124,0.05356,0.95699,0.16558,0,0,0,0.0403,0.09031,0,0.00765,0.06896,0,0,2.44248,0.86258,0.31359,0.50868,0,0.47786,0,0.0972,0.0024,0.12491,0.60137,0.17268,0.60724,0,0,0.5313,0.00237,1.59431,0.38488,0.37762,0.64869,0.03996,0.28092,0.00347,0,0.11706,0,0.55279,0.04253,0.00252,0.00182,0.06434,0.75145,0,0.02803,0.15191,0.28283,0.01517,0.08664,0,0.00878,0.30031,0.0533,0.19669,0.22017,0,0.25018,0.15852,0,0.11653,0.4915,0.04332,0.42693,0.1003,0.01292,0.20339,0,0.04999,0.04955,0.08825,0.00111,0.29771,0.02949,3.28814,0.06205,0.01301,0.00631,0.00544,0.03802,0,0.09754,0.08803,0.62702,0.12823,0.05451,0.0048,3.07089,0.09319,0.00876,0.07196,0,0.03887,0.2751,0,0,0.05148,0.01166,0.05845,0.77321,0.02724,0,0,0,0.04514,0,0.0015,0,0.03569,0,0.94467,0,0,0.18277,0,0.04385,0,0,0.05997,0.20846,0.05599,0,0.00236,0,0.0153,0.05535,0,0,0.44731,0,0.31255,0,1.70425,0,0.20459,0,0,0.04931,0,0,0.18537,0.63392,0.1352,0.37169,0,0.02461,0.06013,0.12957,0,0.02543,0,0,0.00809,0.04728,0.07318,0,0.01621,0,0,0.01615,0,0,0,0.6909,0.06512,0,0,0.04948,0,0,5.78605,0,0,0.03408,0.29905,0,0.73646,0.06394,0.00497,0,0,0.03379,0.16161,0,0.06292,0.05144,0,0,0,0.06141,0,1.61189,0.01013,0.01337,0,0.00627,0,0,0,0,0.00507,0,0.10228,0,0.00625,0,0,0,0
TR20015,8.57737,6.07344,3.00371,1.23714,4.2708,10.16543,1.96174,2.96914,5.62879,1.38743,2.58652,1.05798,0.01351,2.81171,5.73797,2.53271,0,1.45627,0.20256,0.09539,0.90334,0.39792,0.22198,1.61945,0.92198,0.00772,0.87398,0.14276,0.14275,5.26275,0.49648,0.12352,0.69846,0.47714,0.65704,2.52596,0.00481,0.21644,0.10193,0.00228,0.52439,0.09379,0.04627,0.29629,0,0.08298,0.7595,0,0.13153,0.08468,0.02305,0.10976,0,9.24823,0.30016,0,0.07495,0,0.12292,0.01486,0.24216,0.24141,0.0288,0.04347,0.28195,0.0239,0.01921,0.12692,0.17875,0.15675,0.017,0.07617,0.1893,0,0.04252,0.13028,0.28144,0.09311,0.00615,0.19074,0.04335,0.01144,0.11728,0.17054,0,0.12453,0,0.13758,0.15701,0,0,0,0,0.02154,0.12395,0,0.27817,0.1445,0.00946,0.01644,0.0042,0,0,0,0.04557,0,0.02644,0.14168,0.2184,0.08415,0.17206,0.25333,0,0.07098,0.00208,0,0,0.04586,0.00873,0.08958,0.01232,0,0.03463,0.03488,0,0,0.20476,0.01908,0,0,0.01003,0,0,0,0,0.04907,0.38821,0,0.00914,0,0.02648,0.03694,0.13474,0.01102,0.08769,0.05381,0,0.06545,0.00145,0.06443,0.0546,0,0,0.0055,0.01546,0,0.07388,0.0331,0,0.001,0.09107,0,0,0,0.18671,0,0,0,0,0.03747,0,0,0,0.0199,0,0,0,0,0,0,0.01115,0,0.04369,0,0,0,0.11191,0,0.11815,0.14895,0,0,0,0.44367,0.01979,0.06002,0,0.05594,0.01328,0.10652,0,0.08683,0,0,0,0,0,0,0,0,0,0,0,0.09192,0.02674,0.16515,0.00381,0,0,0,0,0.03765,0,0,0,0.21316,0,0.24862,0,0.01217,0,0.06397,0,0.00359,0,0.08141,0,0
TR20016,14.25743,3.67425,2.45096,2.13235,0.13014,5.02575,0.74585,1.87915,2.48601,6.89334,4.19951,5.71378,0.82632,4.18145,0.1491,0.59776,0,4.32718,0.94654,0.68104,0.55146,0.22581,3.73169,1.19439,0.3042,0.42818,1.33772,0.27669,0.38206,6.01936,0.07698,0.15481,1.8508,0.16348,0.34699,0.32463,0.15436,0.2657,0.04527,0.03946,2.14785,1.35681,0.16044,0.12532,0,0.69501,0.03054,0.21019,0.08363,0,2.29176,0.20844,0.56413,0.30273,0,0.08694,0.18256,0.34001,0.06151,0.31227,0.34434,0.7599,0.21151,0.10931,0,0.12889,0,0.79645,0.62017,0.10044,0.30228,0.00169,0,0,0.00628,0.07922,0.06344,0.02856,0.01388,0.11732,0,0,0,0.01126,0.05179,0,0.04555,0.03569,0,0.07797,0.28892,0,0.1453,0,0.31644,0,0,0.40878,0,0,0.00153,0,0,0.06275,0.5815,0,0,0,0,0.22819,0.00753,0.00819,0,0.11754,0.0295,0,0.27642,0.02387,0,0,0,0,0.24765,0,0,0.01256,0,0.02891,0.13975,0,0,0.03399,0.50982,0,0,0,0,0,0,0.2749,0,0,0.17984,0,0.03287,0.00665,0,0,0.01281,0,0,0,0.03607,0,0.05821,0,0.94396,0.04411,0.15047,0.04804,0,0.34774,0.03115,0.01252,0,0.01675,0.17924,0,0,0.02627,0.04343,0.00387,0.03366,0,0.01009,0.05152,0.02491,0,0,0,0,0,0,0,0.01523,0,0,0.00648,0.00401,0.02044,0,0,0.04421,0,0,0,0,0,0,0.42173,0,0.01306,0.07951,0.02404,0,0,0.00964,0,0.04792,0,0,0,0,0.10106,0,0,0,0,0,0,0,0,0,0,0,0,0,0,0,0,0.07337,0,0,0,0,0,0.01673,0.00576
TR20017,3.28689,0.01376,0.64028,0.62478,0.43676,4.13992,1.76765,3.96642,2.19342,3.62475,4.04377,1.8244,0.91135,0.52014,2.3232,0.4027,2.50668,2.16108,0.08864,0.0966,0.2398,0.41089,2.123,1.43833,2.87101,0,0.23436,6.61154,6.28796,0.82699,0.07511,0.37631,0.18267,0.15819,2.44309,0.43363,0.10666,0.46347,0,0.01978,5.54624,0.41842,0.27053,0.97525,2.29998,1.73557,0.05798,0.72341,1.05683,0.05079,1.16794,0.16513,2.51537,0.39715,0.16664,0.09469,0.02715,0,0,0.1662,1.37084,0.32931,0.16972,0.14001,0,0.04417,0,0.3698,0.34136,0.11601,0,0.08372,0.04551,0,0.07761,0.23214,0,0.00331,0.05875,0,0.02768,1.44589,0,0,0,0.00985,0.01831,0.42546,0,0.1123,0,0.59513,0,0.00469,0.10884,0,0.02282,0.06451,0,0,0,0,0.01195,0.26546,0,0,0,0,0,0,0.08157,0.37674,0.16441,0.22673,0,0.06229,0.62006,0.02082,0,0,0,0,0.03198,0,0,0,0.05458,0.19818,0.06293,0,0,0.02402,0,0,0.12559,0,0,0,0.00531,1.02725,0,0,0.04086,0,0.06569,0,0,0,0.02573,0,0,0,0,0,0,0,0.76314,0.17071,0.09831,0.01278,0.11152,2.28282,0.12491,0.00139,0,0,0.77446,0.03151,0.0092,0,0.29849,0.00203,0.01782,0,1.79734,0,0.00554,0,0,0,0,0,0.03128,0,0,0,0,0,0,0,0,0,0.07812,0,0,0,0,0,0,0.07512,0,0,0,0,0,0,0,0,0,0,0,0,0,0.05556,0.07791,0,0,0,0,0,0,0,0,0,0,0,0.0286,0,0,0,0,0,0,0,0,0,0,0
TR20020,0.14722,2.60534,0.76049,0,0,1.12766,0.15355,0.0644,3.24045,0.5067,0.47152,0,1.03356,16.61274,0,0.12344,0,3.08701,3.16281,0,0.04591,0,1.05681,0.59725,0,0.04586,0.76265,0,0,5.14598,0,0,0.32621,0,0.14013,5.62511,0.20167,3.72963,0,0,0,0,0,0.57034,0,0,0,0,0.05966,0,0.0724,0,0,9.68423,0,0,0,0,0,0,0.15943,0,0,0.10555,0.71954,0.04899,0,1.86002,0.17449,1.40157,0,0.11183,0.25049,0,0.29688,0.13769,0.42165,2.85683,0,0,0.01401,0,0,0,0,0,0,0,0,0,1.4887,0,0.25933,0,2.51885,0.91952,0,0.38662,0,0,0.5771,0,0,0,0,0,0,0.03859,0,0,0.27297,0.02837,0,0.00283,0,0,0.59306,0,0,0.11762,0.02243,0,0,0,0,0,0,0,0.00565,0,0,0,0,0,0,0,0,0,0,0,0,0,0,0.0683,0,0.03343,0,0,0.45714,0.05835,0.08947,0,0,0.04383,0.69821,0.04257,0.90608,0,0.04308,0,0,0,0.75191,0.3759,0,0,0,0,0,0,0,0,0.79339,0.06573,0,1.502,0.27689,0,0.02682,0,0,0,0,0,0.1758,0.06518,0,0,0,0,0.02184,0.01133,2.86075,0,0.16277,0.34641,0.10569,0,0,4.43407,0,0,0,0.47439,0,0,0.05412,0.03148,0.36733,0.38919,0,0,0,0,0,0,0,0,0,0,0,0,0,0,0,0,0,0.13611,0,0,0,0,0.33603,0,0.57212,0,0.02044,0
TR20021,0.01611,0.44895,3.73181,0.11439,2.75119,1.39185,1.0232,0.19561,2.62442,0.09939,0.03523,0,0.00519,0,0,1.90537,0,0.09681,2.46786,0,0,0.02342,0.93568,1.73177,0.09357,5.53131,0.76851,0,0,20.88621,0.03021,0.08085,0.01578,0.07429,0.44595,7.69432,0.37859,0.08142,0.0011,0,0,0,0,0,0.12771,0,0.02762,0,0.04714,0,0,0,0.06438,8.08437,0,0,0.01999,0,0,0,0.26606,0,0,0.04801,1.75956,0,0.72618,0,0,0.177,0,1.78854,0,0,0.03718,0.04023,0,3.62439,0,0.16908,0,0,0,0,0,0,0,0,0.43401,0,0.00211,0,0,0,0,0,0,0,0.85873,0,0.32026,0,0,0,0,0,0,0.67551,0.1957,0,0.40838,1.2031,0,0,0,0,0.12301,0,0,0.01182,0,0,0,0,0,0,0.00464,0,0.00449,0,0,0,0,0.09334,0,0,0,0,0,0,0.12672,0,0,0,0,0,0.02174,0,0,0.00985,0,1.6457,0,0.63012,0,0.04918,1.98578,0,0.24406,0,0,0,0.08929,0,0,1.51527,0,0,0,0,0,0.02853,0,0.04086,0,0.00364,0,0,0,0,0.01438,0,0,0,0,0,0.9952,0,0,0.03778,0,0,0.07146,0,0,0.17861,0.05586,0.30275,0.02706,0.00771,0,0,0,0,2.16811,0,0,0,0,0,0,0,0,0.75254,0,0,0,0,0,0.11998,0,0,0,0,0.00353,0,0.22303,0,0.04885,0.09354,0,0,1.02012,0,8.83758,0,0,0
TR20022,2.01729,0.12581,1.52903,1.91596,1.7343,11.00065,1.14864,1.06875,0.9887,1.86794,1.72463,2.03965,1.65062,1.57348,5.60222,0.317,0.5874,3.65764,0.5587,0.35017,0.49172,0.21421,0.14974,0.2688,0.04001,0.4605,1.51423,0.11053,0.50994,11.8898,0.09988,2.68639,0.16203,0.10887,0.7027,1.67797,0.03348,0.25994,0.13904,0,1.37632,0.46274,0.10415,0.03001,0.17749,0.34573,0.0757,0.22126,0,0.09867,0.02692,0.25513,0.16011,0,0,0,0.01471,1.19901,0,0.18282,0.09051,0.46704,0.20078,0,0.13467,0,0,1.22856,0.56129,0.09239,0,0.27619,0,0,0,0.42289,0.04988,0.1265,0.02373,0,0.6839,0.02589,0,0,0,0,0.04062,0.07137,0,0,0.03233,0.00206,0,0.47429,0,0.35563,0,0,0,0,0,0,0,0.14288,0,0,0,0,0,0,0.04273,0.01475,0.17282,0,0.60405,0,2.07117,0,0.02923,0.73889,0,0,0.16611,0,0.03318,0.24132,0,0,0.04201,0,0,0,0,0,0,0.01375,0,0.00729,0,0,0.01345,0,0,0,0,0.13982,0,0,0.62096,0.10482,0.41525,0,0.06301,0.06474,0.03476,0,0.05469,0,0,0,0,0.27064,2.48284,0.08864,0,0,0,0,0,0,0,0.22096,0.95672,0,0,0.95124,0.17562,0.11915,0,0,0,0.086,0,0.04637,0.17069,0.17087,0,0,0,0,0,0,3.71731,0.20214,0,0.7006,0,0,0,1.9871,0,0,0.06522,0.66014,0,0.63133,0,0.20592,0.61612,0.22633,0.44596,0.53254,0,0.11247,0,0,0.13129,0,0,0,0,0,0.01905,0,0.00729,0,0,0,0,0,0,0,0,0,0,0.15388,0,0
TR20023,5.39863,0.04571,1.47088,0.47407,0.06768,6.34195,0.08525,0.22931,0.75888,4.98434,0.67237,0.32435,0.42689,2.55967,0.25513,0.07593,0.63523,5.14,3.9789,0,0,0,12.76099,0.17969,0,0.04829,0.25087,0,0.22226,0.74731,0.81681,0,0.19312,0,0.04712,0.703,0.90284,3.10437,0,0,0.02644,0,0.10062,0.58872,0,0.10213,0,0,0,0,0,0.01317,0.0751,0.4745,1.42455,0,0,4.54178,0.0844,0,0.25902,0.27145,0,0.2373,0.15026,0.38973,0,0.2429,0,2.87668,0,0.06408,0,0,0.34506,1.15392,0.2469,0.06138,0,0,0.08541,0.07052,0.14015,0.07198,0.38171,0,0.10888,0.13669,0,0,1.62325,0,0.60142,0.03045,0,0.9515,0.07033,0.08116,0,0,0.07026,1.0596,0,0.30235,0,0.12961,0,0,0.12074,0,0.05352,0.03397,0,0.33073,0.4003,0,1.88864,0.02699,0.14612,0,0,0.41201,0,0,0,0,0,0.06729,0.06983,0,0,0,0,0,0,0.05233,0,0,0,0,0,0,0.76226,0,0,0.23861,0,0,0.15951,0.4602,0.08255,0,0.03111,0.07369,0.16365,0.08101,0.35119,0.06218,0,0.08133,0.04988,0,0,0.47234,0,0,0,0,0.09875,0,0.06931,0.11698,0.52089,0,0,0.1644,0.20064,0.02038,0.05646,0,0,0.37136,0.03529,0,0,0.08692,0,0.14637,0,0,0,0,2.18014,0,0,0,0.05411,0,0,6.60106,0,0.12604,0,0,0,0,0.29094,0,0.6882,0.13957,0.09702,0.01648,0,0,0,0,0,0,0,0,0,0,0.26914,0.0556,0.03971,0.62259,0,0,0,0,0.21417,0,0,0.04207,0.08298,0,0,0
TR20025,11.37775,1.3314,0.77769,0.63745,0.62445,1.90807,0.7892,0.31389,4.05985,2.2371,0.30282,0.09574,1.66579,0.32463,0.04131,0.29674,0,1.4727,1.60756,0,0,0,17.83994,0.65621,0.35193,0.54282,0.42711,0,0.17513,6.37376,0.12576,0.27101,0.05315,0,0.70085,0.95725,0.82323,0.22653,0.00868,0,0.07429,0.03384,0,0.25077,0.25042,0,0,0,0,0,0.16289,0.00614,0.54463,2.27933,0.05364,0,0.24878,2.16356,0.0664,0,0.38855,0,0,0,0.33559,0,0,0.00749,0,0.99021,0,0.23242,0.06766,0,0.40838,0.67423,0.29979,0.26272,0,0.06403,0.33233,0,0,0.19742,0,0.06414,0,0.2654,0.00386,0,1.60064,0,0.0219,0.078,0,1.00957,0,0,0,0,0.12957,0.15023,0,0.25328,0,0.04709,0,0.33685,0.10926,0,0,0.30691,0,0,0.82636,0,1.14199,0,0.14712,1.90263,0,0.10132,0,0,0,0,0.12646,0,0.22179,0,0,0,0,0,0,0.1214,0,0,0,0,0.06196,0,0.46428,0,0.02632,0.13967,0,0.20634,0.07501,0.2578,0.4328,0,0.01201,0.06251,0,0.19122,1.65566,0,0.30522,0.08866,0.28771,0.06457,0,0.06985,0,0,0,0,0,0,0,0.02258,0.50935,0.01277,0.04945,0.4449,0.2115,0.24303,0,0,0,0.1375,0.01779,0,0.186,0.14989,0.09094,0,0,0.04845,0.32637,0.86917,3.1961,0.4184,0.33281,0.271,0.37423,0,0.00429,0.61289,0,0,0,0.06826,0,1.71243,0,0.04533,0,0.10579,0.07729,0.07634,0,0,0,0,0.01646,0,0.15401,0.01889,0.15556,0,0.19883,0.039,0.07975,0,0.54629,0,0.05117,0.05731,0.40014,0,0.19459,0.02079,0.20757,0.1834,0,0.31756
TR20028,11.42779,0,1.07002,0.47821,0.54238,3.14715,0.01237,0.27744,1.09423,15.82276,0.92843,3.11558,0.04979,3.27008,0.42947,0,0,5.89304,2.85744,0.20454,0.04397,0,3.61738,0.16703,0,0.1658,1.42418,0.1908,0.03476,7.47471,0.05637,0.03302,3.38439,0.00448,0.25703,1.37232,0.56151,0.40185,0,0,2.41227,1.06812,0.17589,0.54991,0,0.52009,0.04651,0,0.05496,0.12837,0.05451,0.48816,0.41682,1.71658,0,0.07557,0.4183,0.04369,0.12703,0.00445,0.97681,2.49108,0.04834,0.04104,3.73691,0.07515,0,0.38193,1.92506,1.62082,0,0.08418,0.14167,0,0.47339,0,0.01999,1.06899,0.09425,0,0,0,0,0.03509,0.25449,0.47699,0,0,0.17051,0,0,0,0,0.01174,1.98125,0,1.18355,0.05978,0,0,0,0.73198,0,0,0.09768,0,0,0.09669,0.07384,0.21966,0.08886,0.0952,0,0.27682,0,0.08304,0.04015,0,0,0,0.0352,0,0,0,0,0,0.0068,0,0,0,0,0,0.06802,0,0,0,0,0,0,0,0,0.07917,0.30637,0.16389,0,0,0,0.00104,0,0,0,0,0,0,0,0,0.1164,0,0,0,0,0,0,0,0,0,0.02494,0,0,0,0,0,0,0.32679,0,0,0,0,0,0,0,0,0,0,0,0,0.12052,0,0,0,0,0,0,0,0,0,0,0,0,0,0.00432,0,0,0,0,0,0,0,0,0,0,0,0,0.07012,0,0,0,0,0,0,0,0,0,0,0,0.04867,0,0,0,0,0,0.02098,0,0,0,0,0.21158,0
TR20029,0.25492,10.39342,8.73663,9.11549,5.68716,4.40141,2.61519,1.81534,3.17037,0.18015,3.04562,0.39432,0.94753,1.69248,2.70004,1.13583,1.77617,1.97303,2.41655,0,0.3969,0.41486,0.09951,1.64547,1.35516,1.27655,1.25997,0.46582,0.35054,1.09152,0.39792,1.73271,0.71739,0.39388,1.16028,1.13117,0.62538,0.91234,0.89178,0.55492,0.42919,0.01343,0.07893,0.54522,0,0.13767,0.37161,0.7103,0.45185,0.11419,2.71689,0.38908,0.56336,1.81927,0.93603,0,0.09271,0.32739,0,0.01207,0.24354,0.12836,0.13736,0.1696,0.56984,0.03902,0.98066,0.45429,0.1574,0.44713,0,0.01417,0,0.01927,0.12047,0.07816,0,0.52477,0.0427,0.58199,0,0,0.23499,0.01548,0.00336,0.25615,0.0741,0.1685,0.43562,0,0.24176,0.02038,0.00729,0.18914,0.49706,0.3786,0.26249,0,0.2643,0.01603,0.05135,0.37705,0.02727,0,0,0.036,0.10224,0.21567,0,0.03788,0,0.10282,0,0.00347,0,0.04413,0.04135,0,0.11512,0.05955,0.06927,0.04895,0,0.0437,0.02637,0.00511,0.00971,0.00859,0.00608,0,0,0,0,0.07268,0.02256,0.03199,0.18357,0.00377,0,0,0.0913,0.13652,0.14249,0,0.01549,0.02368,0.20885,0,0.01735,0.00498,0.05056,0.03834,0.02701,0.0524,0,0.0052,0,0,0,0,0,0,0,0,0,0,0,0,0,0,0,0,0.01978,0.08435,0,0,0,0.00343,0,0,0,0,0.02516,0,0,0,0,0,0,0,0,0,0,0,0,0.05797,0.00891,0,0,0,0,0,0,0,0,0,0.00599,0,0,0,0,0,0,0.00288,0,0.02556,0,0,0,0.0103,0,0,0,0,0,0,0,0.02587,0,0,0,0,0,0,0.01116,0.01008,0.08508,0
TR20032,0,0,0.39447,3.09014,0,2.21726,0.65852,0,4.88998,1.10526,0,0,0.4118,0.09395,0,0.32637,0,0.50384,0.4474,0,0,0,10.27243,0.96299,1.05171,5.04618,0.09316,0,0,24.33908,0.10046,0.03734,0,0,0.04524,0.83343,0.04922,0.40887,0,0,0,0,0,0,0,0,0,0,0,0,0,0,0,3.54712,0,0,0,0.08999,0,0,0,0,0,0,7.32293,0,0.28556,0,0,0.36153,0,0.34897,0,0,0,0,0,6.16957,0,0.08623,0,0,0,0,0,0.02246,0,0.20072,2.18559,0,0.34399,0,0,0.57229,0,0.97819,0,0,0,0,0,0,0,0,0,0,0,0.2948,0,0,0,0.39814,0,0,0,0,1.3736,0,0,0,0,0,0,0.44833,0,0,0,0,0,0,0.03766,0,0,0,0,0,0,0,0,0,0.19255,0,0,0,0,0,0,0,0,0,0,0,0.08187,0.14986,0,0,6.94946,0,0,0,0,0,0,0,0,1.95797,0,0,0,0,0,0,0.63776,0.77619,0,0,0,0,0,0,0,0.0641,0.01941,0,0,0.05722,0.41349,0,0,0,0,0,0,0,0,0,0,0.20795,0,0,0,0,0,0,0,0,0,0,0,0,0,0,0,0,0,0,0,0,0,0,0,0,0,0,0,0,0,1.36191,0,0,0,0,0,0,0.73772,0,0,0.03387
TR20034,0,3.02629,5.95999,0.32805,2.34059,10.97802,2.05474,0.3905,7.22456,0,3.28457,0,0.23108,0.23504,0,1.23418,0,0.02656,2.9055,0,0.41502,0,0.38207,1.31896,1.37121,1.19678,1.43298,0.02061,0.0477,7.06269,0.06711,0.08522,0,0.56194,0.46466,9.17095,2.01453,0.4414,0.32425,0.02758,0.68434,0.30399,0.00049,0.00808,0,0.06402,0.003,0,0.29161,0.01052,1.15359,0,3.78429,5.63444,0,0,0.12672,0.23789,0,0,0.10286,0,0,0.02046,0.92539,0,0,0.66321,0.69699,0.056,0.36005,0,0,0,0,0.32714,0,0.14689,0.04773,0.21297,0.2974,0.00197,0,0,0,0,0,0.37835,0,0,0.47657,0,0.90503,0.03693,0.15727,0.29595,0.18039,0,0.0038,0,0.26608,0,0.00903,0,0,0,0.07685,0.58102,0,0.35948,0,0.08623,0,0,0.04197,0.02947,0.03756,0,0.02651,0.18856,0.00247,0.01404,0,0,0,0,0,0,0.15849,0,0.0169,0.0137,0,0.0232,0,0.04642,0,0.00533,0.04242,0,0.21043,0,0.12863,0.1201,0.026,0.0075,0,0,0,0.01903,0.42967,0,0,0.11951,0.06993,0.34788,2.49054,0,0,0,0.00758,0,0,0.04045,0,0.10121,0.03674,0.01073,0,0,0,0,0.01472,0.09017,0.77342,0,0.02597,0.04771,0.00079,0.04166,0,0,0.00946,0,0.01475,0,1.12623,0,0.03831,0.58389,0,0.30344,0.23775,0.05547,0.50845,0.23354,0.06746,0.31032,0.27533,0,0,0,0,0,0.02326,0,0.00339,0,0,0.00112,0,0,0.02349,0,0,0.01472,0.02792,0,0,0.04409,0,0,0.00032,0.01191,0.01375,0,0,0.16548,0.04023,0.12038,0,0,0.07055,0,0.5468,0.39866,0,0.08717
TR20037,7.66498,0.59419,1.38886,0.59858,0.55895,6.03461,0.40512,1.04721,0.48182,10.44542,1.76547,4.75787,0.62348,1.84062,1.3076,0.63554,1.00818,3.30465,0.74531,7.51715,0.54409,0.91996,0,0.33805,0.02298,0,0.84963,0.3789,0.41669,0.74983,0.2663,0.04406,3.7654,0.53237,0.26035,0.54808,0.51145,1.08116,0.00904,0.05676,2.62392,1.45088,0.26689,0.12494,0,0.37801,0.16119,0.39531,0.00146,0.50998,0.86267,0.64767,0.86767,2.32331,0.11341,0.10918,0.10071,0.04977,0.10055,0.54088,0.30102,2.76669,0.09233,0.34343,0.76092,1.15578,0,0.24606,1.40592,0.14966,0,0.21808,0.02072,0,0,0.01787,0.15081,0.63389,0.00417,0,0.11232,0,0,0,0,0.07121,0.13143,0,0.31747,0.21249,0.01335,0.04919,0.15596,0,0.03108,0.3788,0.28181,0.00968,0.0149,0,0.06234,0.02776,0,0.33146,0,0,0.0054,0.01547,0,0.0474,0.63718,0.01992,0,0.24438,0.02481,0,0.10356,0.00675,0,0,0,0,0,0.07955,0.01998,0,0,0,0.32737,0,0,0.02787,0.09947,0.04187,0,0,0.00924,0,0,0.03634,0.00282,0,0,0,0,0,0,0,0,0,0.03773,0.04216,0,0,0,0.02443,1.29196,0.00649,0.47621,0,0,0.5382,0,0,0,0,0.09442,0,0,0,0.49926,0,0,0,0.06136,0,0,0,0,0,0,0,0,0,0,0,0,0.07567,0,0.01236,0,0.08602,0,0,0.00281,0.09229,0,0,0,0,0,0,0.02386,0,0.01123,0,0,0,0,0,0,0.04258,0,0,0,0,0,0,0,0,3.20529,0,0,0,0,0,0,0,0.00989,0.00159,0,0,0,0,0.03091,0,0.07522,0
TR20041,0.67516,5.83721,2.50047,1.24477,0.45026,3.69249,1.74262,0.86856,11.68274,0.17115,2.3072,0.16305,0.00588,0.06123,0,1.03333,0,0.14549,5.14134,0,0.20577,0,0.26327,3.30958,1.43041,0.17014,0.47879,1.47718,0.70174,1.30198,0.37648,0.08557,0.06002,0.0468,0.76933,2.02722,0.33641,1.51963,0,0.01576,0.1243,0.02475,0,0.25127,0,0.29959,0.05552,0.01309,0.21394,0.25766,7.47227,0,0,0.48465,2.04394,0.03234,0.18831,0,0,0,0.09708,0,0.05598,0.01875,0.48148,0,0,0.33227,0.02573,1.35568,0.96393,0.75312,0.3137,0,0.01372,0.06528,0.00946,2.6927,0.06091,0.29869,1.00691,0,0.01655,0,0,0,0.8349,0.33027,0.31126,0,0,0,0,0,0,4.26263,0,0,1.31532,0,0,0,0.00186,0.00535,0,0,0,0.24012,0.03125,0.05144,0,1.29197,0,0.00643,1.89936,0.06934,0,0.02249,0.01005,0,0.02313,0,0,0,0.05956,0.03586,0.02589,0,0.05177,0,0,0,0,0.24711,0,0.06518,0,0,0.1326,0,0.01896,0,0.13497,0.07712,0,0,0.1572,0,0,0,0.03972,2.31306,0.0568,0.34202,0,0.42633,2.46718,0,1.04877,0,0.00661,0.13514,0,0,0,0.1002,0.49359,0,0,0,0.02763,0,0,0,0.06336,0,0,0,0,0,0,0,0.14668,0,0,0,0.32442,0,0.2041,0.28584,0.23062,0.21748,0,0,0.16333,0.23413,0.77042,0.0229,0,0,0.00787,0,0,0,0,0,0,0,0,0,0,0,0,0.32027,0,0,0,0,0,0.01696,0,0,0,0,0,0,0,0.06801,0.07836,0.18537,0,0,0,0,0.14346,0.04297,0,0
TR20042,12.68819,0,0.63351,2.17018,0.31764,1.70288,0,1.79219,0.32227,2.86068,0,0.1228,1.18937,0.70351,1.07727,0.06123,0,1.13237,0.18728,0,0,0,11.33976,0.19497,0.01393,0.55147,0.3992,0,0,21.10341,0.3812,0.77772,0.07759,0,0,2.65351,0.10813,0.72442,0,0,0,0,0,0,0,0,0,0,0,0,0,0,4.14756,0.56649,3.47051,0,0,0.70869,0,0,0,1.14173,0,0,1.44853,0,0.57858,0,0,1.90197,0,0.19473,0.04896,0,0.33221,0.46282,0.23371,0.84242,0,0,0.41492,0,0,0,0,1.00701,0.07868,0.30203,0.26389,0,1.55462,0,0,0,0,0.95654,0.10065,0,0.45455,0,0.20193,0,0,0.20698,0,0,0,0.17403,0.1692,0,0.24725,0.16973,0,0,0.51523,0,0,0,0.10882,1.39267,0,0,0,0,0,0,0,0,0,0,0,0,0,0,0,0.13117,0,0,0,0,0.46589,0,0,0,0.06929,0.30675,0,0.47496,0.28755,0.03815,0.45897,0,0,0.16223,0.01646,0.98209,0.28642,0,0,0,0,0,0,0,0,0,0,0,0,0,0,0,0.14026,0,0,0,0,0.67529,0,0.07822,0,0,0,0,0,0.11398,0,0,0,0,0,0.16519,0,0,0,2.52593,0,0.07616,0,0,0,0,0,0,0.169,0,0,0,0,0.04985,0.21063,0,0,0,0,0,0.15457,0,0.24846,0.0439,0,0.58248,0,0,0,0,0,0.41559,0,0,0,0,0,0,0.25981,0.52877,0,0
TR20044,6.78962,0.06527,0.6091,2.26654,0.57572,3.56326,1.00468,10.89562,3.05794,1.26632,4.03299,1.6419,0.83335,4.46849,0.93876,1.75604,1.94585,1.02663,0.46845,0,1.25176,0.804,0.23568,0.74522,1.46758,0,0.6111,3.89291,0.08159,1.07639,0.2834,0.25454,0.44072,0.3453,0.93509,0.24912,0.02477,0.65729,0,0.09092,1.2155,0.07923,0.23323,0.06344,0.00286,0.34286,0.20156,0.0242,0.3378,0.04349,5.26554,0.28584,2.23699,1.25971,0.71298,0.00514,0.13987,0.06597,0.27518,0.37012,0.03919,0.49515,0.27873,0.25473,0.36387,0.19654,0,0.59248,0.54346,0.42397,0.18408,0.17759,0.2968,0.02427,0,0.09265,0.05687,0.04694,0.04718,0,0.26511,0,0.01035,0.04567,0.05174,0.17291,0.01509,0.17564,0.10364,0.11393,0.17915,0,0.03663,0.02048,0.18931,0.08325,0.10422,0.13565,0.05424,0.0106,0.65467,0,0.00398,0.23901,0.09339,0,0,0.0628,0.01962,0.268,0.39716,0.13549,0,0.06946,0.15055,0.02066,0.1902,0.0191,0.04171,0.05346,0,0,0.09771,0,0,0.06106,0,0.01272,0.21117,0,0.0244,0.0139,0.06044,0,0,0.01932,0.02136,0.00653,0.04866,0.14771,0.02267,0,0.03191,0,1.11132,0.02066,0,0,0.17667,0.00144,0.02398,0,0.06211,0.00687,0.63224,0.06993,0.03255,0.37129,4.64641,0.18029,0,0.46217,0,0,0,0.02614,0.67856,0,0.17491,0.16048,0,0.04559,0.03158,0,2.18195,0.08208,0.04189,0.02916,0,0.00047,0,0,0.00362,0.01986,0,0.01158,0.11003,0,0.93482,0.13707,0.94706,0.01564,0.30871,0,0,0,0.00459,0.02469,0,0.01289,0,0,0,0,0.03946,0.07283,0,0,0,0.12377,0.01553,0.02802,0.07113,0,0.49022,0,0.01658,0.00947,0.00326,0.00927,0,0.18986,0.00393,0.01461,0.00635,0,0.01964,0,0,0,0,0.01143,0,0,0,0,0.41283,0
TR20045,24.21949,0.31698,0.61819,0.32974,0,1.8989,0.1929,0.85741,2.77301,5.85063,0.18224,0.09525,0.87114,0.6683,0.08971,2.87845,0,0.79352,6.44706,0,0,0,3.09605,0.69907,0.28432,0.61894,0.07965,0,0.31962,2.35232,0,0,0.10565,0,0,2.54163,0.11591,2.45283,0,0,0,0,0,0,0,0,0,0,0,0,0.1944,0,0.88689,5.73058,0.16201,0,0,0.11445,0,0,0,0,0,0,0.07626,0,0,0,0,0,0,0,0.02093,0,0,0,0.20532,4.99665,0,0,0.04235,0,0,0,0,0,0,0,0,0,0.08285,0,0.24153,0,0,0,0,0,0,0,0.91185,0,0,0.5586,0,0,0,0,0,0,0,0,0,0,0,0,0.50424,0,0,0,0,0,0,0,0,0,0,0,0.03883,0,0,0,0,0,0,0,0,0,0,0,0,0,0.06693,0,0,0,0,0,0,0,0,0,0,0,0,0,1.25358,0,0,0,0,0.06717,0,0,0,0.07975,0,0,0,0,0,0,0,0,0,0,0,0,0,0,0,0,0,0,0,0,0,0,0,0,0,0,0.34012,0,0.62597,0,0,0,0,0.18859,0,0,0,0,0,0.08595,0,0,0,0,0,0,0,0,0,0,0,0,0,0,0.31335,0,0,0,0,0,0,0,0,0,0,0,5.35452,0,3.47223,0,0,0
TR20048,2.30195,1.30699,2.78713,0.65691,0.93101,6.50048,0.91271,3.45177,1.47357,0.71212,2.19641,1.43348,2.29398,0.54942,1.39201,0.42859,0.71227,0.68844,1.24159,0,0.21474,0.14938,4.68195,1.44042,1.6744,0.06676,0.36068,1.40834,2.07849,1.7468,0.07683,0.08077,0.48606,0.0853,2.12704,0.69375,0.05192,0.20752,0.0291,0.00926,0.98867,0.15765,0.12312,1.31695,0,0.72868,0.07176,0.10223,0.13663,0.43929,0.61394,0.52491,3.59566,0.23167,4.83293,0.07802,1.77813,0.21817,0,0.05996,0.0649,0.10462,0.40515,0,0,0.22394,0,0.7351,0.3103,0.20991,0.08503,0.13368,0.00499,0.02848,0.0714,0.60764,0.396,0.08472,0.16363,0.10019,0.04133,0.66886,0.14602,0.02494,0,0.32471,0.12865,0.61974,0.00667,0.02603,0.09629,0.02573,0.16248,0.0827,0,0.52411,0,0,0.45725,0.20877,0,0,0.0058,3.35014,0,0.04215,0,0,0.0319,0.47338,0.12601,0.37038,0.27723,0.02994,1.66086,0.27546,0.42542,0.3211,0.02363,0.49427,0.00216,0,0.07076,0,0.20062,0.31236,0.07914,0.09373,0.31988,0.08278,0,0.04793,0,0.04751,0,0.00339,0,0.03988,0,0.02254,0,0,0.2939,0.05877,0.27827,0.04074,0,0,0,0,0.03008,0.00259,0.04018,0.03163,0.06645,0,0.7949,0.53357,0.29316,0.42486,0.45803,0.15811,0,0.0388,0,0.24746,0.50066,0.10152,0,0,0.1213,0.09064,0.05166,0,0.53964,0.61841,0.07798,0,0.02226,0.00476,0.0054,0.05432,0.06047,0.11181,0.00809,0.02577,0.00805,0.03249,0,0.0733,0,0,0.70822,0,0,0,0.08604,0.0318,0,0.64822,0.1078,0.06665,0.08401,0.04785,0,0.07065,0.03046,0,0.03456,0,0.0081,0.06072,0.04784,0.11134,0.19385,0,0.06672,0,0.89299,0,0,0,0,0.03604,0.04565,0,0.02712,0,0,0,0,0,0,0.02785,0,0,0,0
TR20060,2.55338,0.06989,0.04121,0.28883,0.15046,1.37144,0.12147,0.74156,0.61235,1.77168,0.65561,0.3708,0,4.13838,0.15764,0.15732,0,2.86964,5.76322,0,0.07796,0,3.53486,0.17033,0.19911,0,0.26166,1.55564,0.19248,1.26006,1.43591,0.0264,0.42016,0,0.16721,0.10885,2.09408,2.02602,0,0,0.16257,0,0.03478,1.13351,0,0.10666,0,0,0,0,0.08768,0,0.85222,2.45923,3.27015,1.25741,0.11345,1.10279,0,0,0.06655,0.52943,0,0.68607,0,1.57918,0,5.50071,0.43055,3.89624,0,0.06707,0.00524,0.13092,1.0207,0.54578,0.72399,0,0.00278,0,1.04871,0.40605,0,0,0,0.02456,0.13771,0.76517,0,0,0.49495,0,0.12226,0,0.31423,0.16082,0.21828,0.54045,0.00269,0,0.60087,0,0.0481,0.08986,0.30291,0,0,0.11316,0.18846,0,0.02737,0.3394,0,0.38128,0.3748,1.28226,0,0.69658,0,0.4366,0.25569,0,0.00561,0,0,0,0.02374,0.11741,0,0.00611,0.41984,0,0.2423,0.00242,0,0.11592,0.03009,0,0.22228,0.3979,0.11907,0,0.44199,0.34962,0.01151,0.46613,0,0,1.07836,0.60605,0.08007,0,0.20236,0.07925,1.88206,0.31579,0.03304,0.10613,0,0,0.38429,0.00542,0,0,0,0,0,0.03688,1.08146,0,0,0.05672,0.54139,0,0,0,0,0.7148,0,0.05655,0,0.40339,0.04863,0,0,0,0.02862,0.39794,0.28769,0,0,0.21818,7.37776,0,0,0,0.04851,0,0,0,0,0.2089,0.05316,0,0,0,0,0,0,0.38866,0.70313,0,0.30008,0.05443,0.36541,0.07328,0,0,0,0.10571,0,0,0.0247,0.15503,0.3541,1.94873,0,0,0,0,0,0.28318,0,0,0,0,0,0
TR20064,0.31072,8.19876,2.71897,0.44111,0.28096,10.41159,1.40746,2.09731,6.94541,0.71101,1.86435,2.13491,0.00046,2.17243,0,1.22934,0,1.06837,7.00322,0,0.43984,0.11188,2.18668,2.19661,0.3784,0.99019,0.46867,0.3356,0.25449,6.51727,0.07928,0.36266,0.65908,0.11316,0.42098,3.20779,0.74823,1.41868,0,0,0.07934,0,0,0.07424,0.30644,0.02126,0,0,0.32125,0.19082,5.56315,0.07835,0.79644,1.1915,0,0,0.32451,0.01991,0,0,0.06516,0,0,0.12496,1.28369,0.03668,0,0.14496,0.16501,0.02072,1.61854,0.45541,0.12087,0.41408,0.03102,0.14382,0,1.79514,0,0.35358,0.62771,0,0.10701,0,0.14402,0.017,0.0428,0,0.2985,0,0.04508,0,0,0,0.16548,1.50549,0,0,0.30198,0,0.08813,0,0,0,0,0,0,0.65333,0,0.10437,0.23204,0.68218,0,0.01171,0.20482,0.02793,0.10052,0.00386,0.01587,0.05141,0,0,0,0,0,0,0,0.02877,0.0303,0,0,0,0,0.1444,0,0,0,0,0.03975,0,0.03414,0,0,0.02688,0.02917,0,0,0,0,0,0.1016,0.16222,0.17078,0.15605,0,0,4.33232,0,0.01231,0,0,0,0,0,0,0.3335,0.07598,0,0,0,0,0,0,0,0.01047,0.01937,0,0,0,0.11472,0,0,0.00343,0,0,0,0.28454,0.31191,0.11933,0.20037,0,0,0.11236,0,0,0,0.05019,0.09542,0,0.08931,0.00906,0,0.47868,0,0,0,0,0,0,0,0,0.0005,0,0.1755,0.00125,0,0.03054,0,0,0.00581,0,0,0,0,0,0,0.1997,0.09891,0,0.00243,0,0,0,0,0.46081,0,0,0.19432
TR20066,4.39509,0.3674,0.32939,0.45457,0.1408,0.85575,0.36471,0.76333,0.6548,1.50762,0.38393,0.29655,0.57558,0.28894,0.07089,0.14585,0.22337,0.58355,0.18892,0.04847,0.06069,0.1104,5.86158,0.33903,1.90075,0.02402,0.04598,0.90419,0.92009,0.87858,13.81477,0.15315,0.06027,0.02408,0.16944,0.27842,0.03029,0.159,0.02973,0.03522,0.56028,0.05277,0.03539,0.09127,0.36278,0.23633,0.04902,0.06856,0.07577,0.02627,0.22845,0.27611,1.39592,0.09466,34.6728,0.06813,0.09493,0.07687,0.03958,0.02882,0.03239,0.06864,0.0169,0.00224,2.11586,0.00513,0,0.21638,0.01009,0.26835,0.0413,0.68966,0.09283,0,0.00369,0.13845,0.31672,1.3264,0.03319,0.04043,0.273,0.01588,0.00136,0.0187,0,0.52646,0.08146,0.52153,0,0,0.05405,0,0.00808,0.00512,0,0.16842,0.05835,0.001,1.10213,0,0,0.04093,0,0.19083,0.02006,0,0,0.08617,0.11025,0.25984,0.03167,0.09384,0.06823,0.0178,0.29826,0.0028,0.62464,0,0.03519,0.03104,0.00811,0.0225,0.00394,0,0,0.01951,0.08069,0.04035,0.08473,0,0.00194,0.01234,0.02436,0,0,0.00593,0,0.00319,0.02111,0.05624,0.01686,0.12768,0.01862,0,0.04472,0.0176,0.05195,0.04034,0.01866,0.0397,0.06295,0.8397,0,0.13077,0.0166,0.01783,0.12868,0.10256,0.86568,0.0732,0.03626,0.10783,0,0.05273,0,0,0.00704,0,0.0048,0,0.05369,0.23217,1.03678,0.08568,0.14534,0.07307,0.47543,0,0.12298,0.19744,0.02222,0.55186,0.02077,0,0,0.24801,0.28463,0,0,0.0934,0.10321,0,2.08977,0,0.03288,0.02661,0.04098,0.19655,0,0.47875,0,0,0.00047,0.04349,0.00515,0.01805,0.00127,0.22253,0.1043,0.00578,0.68525,0.05682,0.01985,0.02984,0.00707,0.04471,0.01949,0,0.00096,0.00318,0.06033,0.01819,0.0128,0,0.01308,0,0.09704,0,0.00071,0.02648,0.03654,0,0,0,0.01542,0.02115,0,0
TR20069,0.87019,7.01913,1.49775,2.57269,0.29177,4.51771,1.6007,3.92252,3.31875,0.92401,6.65994,0.66197,1.40765,3.9533,0,1.85419,0,0.35843,0.50394,0,0.4739,0.83039,0.29028,1.46576,0.34835,0.3568,0.64988,1.86558,0.43986,1.33027,0.01983,0.21364,0.64966,0.4196,0.48959,1.64247,0.28043,1.77421,0.17752,0.05175,0.43048,0.36239,0.01388,0.31085,0.87164,0.26851,0.07036,0.0342,0.27678,0.2429,4.43301,0.04611,5.98506,0.56805,0.00765,0.09734,0.05407,0.62955,0.47421,0.06975,0,0.09155,0.04035,0.19893,0.45719,0.72941,0.0228,1.46047,0.24601,0.07443,0.17557,0.15192,0,0.03802,0,0.32558,0,0.4515,0.07064,0.37331,0.83982,0.15226,0,0.13342,0.03504,0,0.39934,0.77392,0,0,0.8279,0.02836,0,0,0.13903,0.67209,0,0.10644,0.14044,0,0.45405,0,0.08844,1.05473,0.03838,0,0,0.06146,0,0.03656,0.43369,0.38262,0,0.03028,0.46673,0,0,0.10827,0,0,0.05828,0.30645,0,0.01717,0,0,0,0.05705,0.64942,0.03471,0,0.03306,0.00701,0.02251,0.04066,0.16422,0.10218,0,0,0,0.28004,0,0.0241,0,0.50523,0.18769,0.01307,0,0.33608,0.01076,0,0,0,0.03295,0.17742,0.26175,2.36292,0.2429,0,0,0,0.03059,0,0,0,0.36283,0.67063,0.04045,0.07023,0.10474,0.56766,0,0,0,0.65847,0,0,0.0865,0,0.02599,0,0,0.09441,0,0,0,0.73176,0.3523,0.20389,0.29186,2.35743,0.05301,0.45993,0,0,0.01616,0.06824,0.2971,0.0505,0,0,0.00061,0.0534,0,0.17788,0,0.03318,0,0,0,0,0.06369,0.11493,0.00268,0.04474,0,0.09039,0.00089,0,0.03914,0,0,0,0,0,0.00487,0.57139,0,0.05776,0.00046,0,0.03594,0,0,0.01736,0.01662,0,0
TR20075,1.74093,0.0385,1.34365,9.26029,0.4811,3.41239,0.16066,1.91842,1.8159,0.49991,1.08237,0.04498,0.09625,0.66458,2.17632,0.21572,0,0.18463,0.12307,0,0.09155,0.01519,0.40246,4.71996,9.58737,0.09411,0.05258,0.15601,1.12381,5.78344,1.65899,0.36156,0.13341,0.02855,0.15998,0.25079,0.06336,0.11633,0,0.02552,0.05671,0.03101,0,0,0.01828,0.00315,0.0562,0,0.03786,0.04999,0.67537,0.34335,7.86322,0.17665,16.88993,0,0.01317,0.28597,0,0.00043,0.00623,0.01045,0.00032,0,0.78421,0.00247,0.00297,0.5958,0.01141,0.04491,0.15136,0.13188,0.03593,0,0,0.01438,0.16025,0.04617,0.0066,0.09044,0.48014,0,0,0,0.00484,0.10006,0.00414,0.96672,0.0415,0,0.14329,0,0.00463,0,0.04242,0.14721,0.29805,0.01003,0.11147,0,0,0,0,0.02004,0,0.06989,0.12428,0.4092,0.10897,0.02545,0.01627,0.07129,0,0,0.06404,0,0.47527,0,0.01808,0.1554,0,0.01362,0,0.05889,0.00678,0.00669,0.02273,0,0.02513,0,0.23538,0,0,0,0.04966,0.00307,0,0,0.02816,0.0004,0.10716,0.82675,0.00187,0,0.28398,0.0268,0.00748,0.00367,0.0488,0.01551,0.21019,0.00027,0,0.03021,0.08454,0.00323,2.19509,0,0.83805,0.01835,0.92651,0,0,0.01637,0.08157,3.26533,0.0491,0.00144,0,0.71808,0,0.26005,0.0159,0.02235,0.03233,0,0.04492,0.0489,0,0.53352,0.00721,0.28319,0.00894,0,0.01019,0.85086,0.26852,0.00543,0,0.01555,0,0.36632,0,0,0,0.77252,0.02769,0.21935,0.00366,0,0,0,0.00462,0.03113,0.1262,0,0,0.15676,0.16177,0.01606,0.53921,0,0.0782,0,0,0.0163,0.00305,0.10183,0,0,0,0.04815,0.00274,0.00118,0,0.0053,0.02971,0.80273,0,0.20429,0,0,0,0.00323,0,0.03219,0.0788,0.24751
TR20076,7.93417,0.15545,0.13994,0.0676,0.13744,0.76666,0.10452,1.65414,0.84411,2.64326,0.98176,5.46237,0.49325,1.71527,2.2273,0.51293,0.34185,3.4791,0.09335,0.80355,0.14872,0.1261,0.91026,0.17926,0.18195,0.02421,0.45678,1.15674,1.43936,2.33137,1.47747,0.20455,1.26513,0.11494,0.4673,0.14281,0.00168,0.02671,0.00258,0.0199,3.95194,0.96286,0.33469,1.41308,0.00247,2.13756,0.09728,0.17368,0,0.19518,0.41084,0.41143,5.17434,2.26581,7.01498,0.29373,0.9994,0.03972,0,0.50647,0.85152,1.00973,0.08304,0,0,0.07506,0,0.99157,1.71364,0.46524,0,0.07057,0.01847,0.08359,0,0.23129,0.03331,0,0.22233,0,0.28029,0.18765,0.21958,0.04822,0.05422,0.16209,0.02816,0.04769,0,1.13407,0.12299,0,0,0.20575,0.26169,0,0.00638,0.02076,0,0,0,0,0.04391,0.0201,0.41066,0,0.00853,0,0.10576,0.0021,0,0.0062,1.50693,0.23811,0.13022,0.04185,1.50146,0.38548,0.02012,0.04517,0.04684,0.14116,0.3415,0.00704,0,0.12941,0.02077,0.09248,0.01199,0.00974,0,0.09145,0.0503,0,0,0,0.01639,0.00251,0,0.62694,0.02286,0,0.03029,0,0.15506,0.00652,0,0,0.44409,0.09774,0.05082,0,0.01135,0.05061,0.37569,0,0.17909,0.01053,0,0.19508,0,1.12642,0,0.41889,0,0.04603,0.07447,0.00738,0.00636,0,0.02566,0.114,0.40169,0,0.02436,0,0,0,0.10728,0,0.01574,0.01349,0,0.12999,0.30091,0,0,0,0,0,0,0,0.42851,0,0,0,0,0,0,0.97709,0.02103,0.21373,0.02332,0.27041,0,0,0.08816,0.01298,0,0.08716,0.10089,0.09609,0,0.31423,0,0.00445,0.01268,0.00419,0.02379,0,0.58805,0.08253,0,0.01458,0.00939,0.09041,0,0,0,0,0.01543,0.00102,0,0.10758,0,0,0.02794,0
TR20077,0,2.62613,7.06376,0.44641,1.05145,5.02653,2.01647,2.23097,14.60729,0,2.76465,0,0.6483,0.22888,0,0.55133,0,0,10.94023,0,0.48815,0.48905,0.20146,1.974,0.55,0.89172,0.39759,1.01131,0.42478,1.81948,0,0,0.31292,0.11694,0.26289,3.74911,0.19036,2.62116,0.28037,0,0,0,0,0,0,0.07655,0.02502,0,0.17022,0.22942,0.31812,0,2.32854,2.25784,0,0,0,0.77136,0,0.21466,0.10314,0,0,0.184,0.64727,0,0,1.62834,0.19661,0,0.22942,0.56788,0,0.06657,0,0.22686,0,0.1641,0,0.14326,0.12706,0,0.01806,0,0,0,0.52052,0.25291,0,0,0.20739,0,0.43383,0.39567,0,0.17473,0,0,0.7183,0,0.17427,0,0,0,0,0.01127,0,1.2043,0,0.00878,0.61734,0.39599,0,0,0.39461,0,0,0,0.31726,0.41677,0,0.30127,0,0,0,0,0,0,0,0,0,0,0,0.07009,0,0,0,0,0.10599,0,0,0,0,0,0,0,0,0,0.06283,0,0.02507,0,0,0.69559,0,0.05682,8.75233,0,0.50226,0,0,0,0,0.10122,0,1.19796,0,0,0,0,0,0,0.08451,0,0,0,0.04111,0,0,0.02751,0,0,0.09979,0,0.18616,0,0.32636,0,0,0.14319,0.18752,0,0,0,0.81971,0,0,0.11166,0,0,0,0,0.07071,0,0,0,0,0,0.68179,0,0,0,0,0,0,0,0,0,0,0.0279,0,0,0,0,0,0,0,0.10283,0,0,0,0,0,0.12427,0,0,0.17792,1.15535
TR20079,3.03748,0,1.09229,8.58161,0.75346,4.02259,1.49392,2.85373,1.74475,0.56717,0.26812,0.42278,0.72161,0.52624,0,1.80984,0,0.86657,0.63422,0,0,0,0.16761,1.35372,0.58411,3.8017,0.08997,0,0.84293,10.17475,0,1.40493,0,0,0,1.90198,0,0,0,0,0,0.12987,0,0,0.13338,0,0,0,0,0.15957,1.20998,0,2.82156,0,0,0,0,0.47169,0,0,0,0,0,0,4.01946,0,0,0.11431,0,0,0,2.10072,0,0,0,0,0,2.54735,0,0.20612,0.11117,0,0,0,0,0,0.17601,0.3087,0,0,1.08614,0,0.23279,0,0,1.24585,0,0,1.74305,0,0,0,0,0.08286,0,0,0,0.79857,0,0,0.04758,0.55045,0,0,1.1503,0,4.70801,0,0.18419,0.89575,0,0,0,0,0,0,0,0,0.09834,0,0,0,0,0,0,0,0,0,0,0,0,0,0,0,0.08103,0,0,0,0,0,0,0,0,0.07318,0,0,1.69534,0,0.6528,0,0,0,3.33565,0,0,0.18692,0,0,0,0,0,0.10965,1.01996,0.20982,0,0.15405,1.09644,0,0,0,0,0,0,0,0,0,0.65445,0,0,0,0,0,4.45879,0,0,0,0.23099,0,0,1.80195,0,0,0,0,0,0,0,0,0,0,0.10585,0,0,0,0,0,0,0.08906,0.18725,0,0,0,0.33261,0,0.01658,0,0,0,0,0.11513,0,0,0,0,0.07106,0,0,0
TR20080,0.35597,0,0,2.58073,0,0,0,0.78037,0.1625,2.11885,0,0,8.63658,0,0,0,0,0,0,0,0,0,10.35161,0,2.5174,0.84195,0,0,0.99419,20.16072,5.56963,0,0,0,0,0,0,0,0,0,0,0,0,0,0,0,0,0,0,0,0,0,5.23901,0,2.44988,0,0,0.99435,0,0,0,0,0,0,0.39424,0,0,1.26276,0,0,0,0,0,0,0,0,2.11082,0.30788,0,0,0,0,0,0,0,0,0,0.14918,0,0,0,0,0,4.60918,0,0.31456,0,0,0,0,0,0,0,0.8651,0,0,0,0,0,0,0,0,0,0,0,0,5.34763,0,0,0,0,0,0,0,0,0,0,0,0.25942,0,0,0,0,0,0,0,0,0,0,0,0,0,0,0,0,0,0,0,0,0,0,0,0,0,0,0,0,0,0.95519,0,0,0,0,0,0,0,0,0,0,4.21694,0,1.08998,3.4965,0,0,0,0.3435,0,0,0,0,0,0,0,0.63838,0.84028,0,0,0,0,0,0,0,0,0,0,0,0,0,0,0.85057,0,0,0,0,0,0,1.34309,3.50872,0,1.95169,0,0,0,0,0,0,0,0,0,0,0,0,0,0,0,0,0,0,0,0,0,0,0,0,0,0,0
TR20081,10.19017,5.6443,6.30327,0.63009,0.165,3.13926,0.43696,4.14501,4.76656,0.45372,1.41723,1.12488,0.13661,0.30154,0,0.21802,0,4.01926,3.68449,0,0.18947,0.0043,4.69265,1.90709,0.5715,0.24715,0.69005,1.53674,0.19514,7.4019,1.14328,0.39034,0.86652,0.07466,0.33547,3.19182,0.54992,0.47816,0.0517,0,0.25485,0.2404,0,0,0.29476,0,0,0,0.11836,0.55551,2.4497,0.2617,1.33411,0.56011,6.13518,0,0.23363,0.13311,0,0,0.14722,0.65967,0,0,1.62703,0,0,0.16733,0.36754,0.56507,0,0.89196,0.16632,0,0.03083,0,0.25007,0.76801,0,0.19175,0.05687,0,0,0,0,0.6682,0.15794,0.13022,0.24372,0,0.10072,0,0,0.07658,0,0,0,0,0.28529,0,0,0,0,0,0,0,0,0,0.11651,0,0.33836,0.04922,0,0,1.09197,0,0,0,0,0.30956,0,0,0,0,0,0,0,0,0.00166,0,0,0.04284,0,0,0,0,0,0,0,0,0,0.30917,0.14314,0,0.20642,0,0,0,0,0,0,0.01007,0,0.09014,0,0,1.75498,0.25371,0.25829,0,0.5992,0,0,0,0,0,0.03359,0,0,0,0,0,0.21181,0,0.04582,0,0,0,0,0,0,0,0,0,0,0,0.33566,0.01411,0.12951,0,0,0,1.05099,0,0,0,0,0,0,0,0,0,0.28473,0,0,0,0,0,0,0,0,0,0,0.15599,0,0,0,0,0.25152,0,0,0,0,0,0,0,0,0,0,0,0,0,0,0.02787,0,0,0.0397,0
TR20082,1.57601,1.84422,3.93248,0.03583,1.21315,1.8384,2.12985,2.29074,16.77531,0.1887,0.5801,1.33325,0,4.90602,0.03135,1.71386,0,0.72409,0,0,0.22788,0,0,1.56971,0.52107,0.27316,2.10785,0.45521,0,6.88801,0,0.25933,1.06637,0.08531,0.37903,6.49048,0,0,0.08773,0.01366,0.0571,0.03275,0,0,3.68151,0.10196,0.00626,0,0.03391,0.25511,9.86129,0,1.44817,5.69701,0,0,0.32552,0,0,0,0.08194,0.68747,0.00422,0,0,0,0,0,0.79073,0,0.17624,0,0,0,0,0,0,0,0.00344,0.21659,0,0,0,0,0,0,0,0,0,0,0,0,0,0,0.13025,0,0,0.00273,0,0,0.01251,0,0,0,0,0,0,0,0,0.11774,0,0,0,0.0116,0,0,0.01992,0,0,0,0,0,0.022,0,0,0,0,0,0,0,0,0.0328,0,0,0,0,0,0,0,0,0,0,0,0,0.04398,0,0,0,0,0,0,0,0,0,0,0,4.68424,0,0.04738,0,0,0,0,0,0,0.74574,0,0,0,0,0,0,0,0,0.05301,0,0,0,0,0,0,0,0,0,0,0,0.19541,0,0.00861,0.14928,0.83938,0,0,0,0,0,0,0,0.08776,0,0,0,0,0,0,0,0,0,0,0,0,0,0,0,0,0,0,0,0,0,0,0,0,0,0,0,0.18823,0,0.09409,0,0,0,0.09821,0,0,0,0.48394,4.04836
TR20083,9.73179,0.39215,6.86976,1.7129,0.31531,4.87838,1.16852,6.20349,8.85246,1.38172,2.75972,1.60127,0.06932,0.05699,2.91345,0.66514,0,2.88494,0.31225,0,0.32382,0.30306,0.57898,0.87842,2.08907,0.20897,0.3972,2.38529,2.32802,3.8676,0.75048,0.3776,0.61923,0.14302,2.12823,2.61746,0.02007,0.07861,0.96512,0.03202,0.7849,0.31207,0.0877,0.04894,1.91373,0.84432,0.19275,1.02045,0.18047,0.10516,5.29216,0.45384,3.08199,1.29309,0,0,0.16878,0.12334,0,0.06298,0.00571,0.33562,0,0,0.06888,0,0,0.12328,0.1519,0.1395,0.17977,0.17579,0,0,0.01542,0.10958,0.29194,0.1746,0.06159,0.30792,0.01817,0.02351,0,0.00362,0,0.25627,0,0.09508,0.11459,0,0.11505,0.13538,0,0.166,0,0.10176,0,0,0.04902,0,0,0,0,0,0,0.01463,0.01039,0,0.12444,0.17374,0.0321,0,0,0.0477,0.07517,0,0,0,0.06044,0,0.03395,0.02574,0,0,0,0.20904,0,0,0.28553,0,0,0,0.09403,0.01305,0,0,0,0,0,0,0.00522,0.46532,0.10808,0.00992,0.42565,0.02578,0,0,0.00536,0,0.06814,0,0,0.01704,0,0.01578,1.24311,0.23591,1.27009,0,0.19184,0,0,0.04194,0.07775,0,0.04035,0.00254,0.00904,0,0,0,0.04721,0.01706,0.2776,0,0.0421,0,0,0.00626,0.01099,0,0,0.08307,0,0,0.03477,0,0,0.07373,0,0,0,0,0,0,0,0,0,0.09636,0,0,0.15152,0.01875,0,0,0,0.00378,0.02156,0,0,0,0,0.14463,0,0,0,0,0,0,0,0,0.00149,0,0,0,0,0,0,0,0,0,0,0.01799,0,0.0083,0,0
TR20084,1.08803,5.98987,7.53743,0.52166,4.31098,5.63094,1.64299,3.097,5.3322,0.02614,3.33722,0,0.80288,0.78079,0,1.33209,0,0.06925,0.61823,0,0.33408,0.01644,1.20091,1.78236,0.25476,0.52774,0.58925,0.38524,0,7.67055,0,0,0.23356,0.04289,0.51943,4.49428,0.22557,0.25636,0.46484,0,0,0,0,0,0,0.02541,0,0,0.28918,0,2.58965,0,1.54541,7.70235,2.4378,0,0,0,0,0,0,0,0,0,0.59696,0,0,1.02988,0.61787,0.9322,0.52294,0,0,0,0.11702,0.00496,0,0.74859,0,0.50737,0.05845,0,0,0,0,0,0,0.09866,2.25009,0,0.20737,0,0,0,0,0,0,0,0,0,0.39119,0,0,0,0,0,0,0.16006,0,1.05111,0,0.04863,0,0,0.13434,0,0,0,0,0.17629,0,0,0,0,0,0,0,0,0.31383,0,0,0,0,0,0,0,0,0,0,0,0,0,0.16352,0,0.84861,0,0,0,0,0,0.16232,0,0,0,0,0,5.48371,0,1.78601,0,0.1204,0,0,0.1244,0,0,0,0,0,0,0,0,0.44625,0,1.08969,0,0,0,0,0,0,0,0,0,0,0,0.2602,0,0.52973,0.26671,0,0,1.59103,0,0,0,0,0,0.19318,0,0,0,0,0,0,0,0,0,0,0,0,0,0,0,0,0,0,0,0,0,0,0,0,0,0,0,0,0,0,0,0,0,0,0.46819,0.01006,0,0,0.37216
TR20086,2.48557,0.44338,0.45804,13.44859,0.89739,14.09006,1.10023,0.77151,1.81799,0.61219,1.12187,0.68879,8.54419,0.21414,2.01746,0.57131,0.56309,0.57783,0.21862,0.47032,0.12093,0.30083,0.66481,1.07364,0.60514,0.30257,0.2695,0,0.85482,6.28742,0.10849,1.62077,0,0.22903,0.35706,0.71965,0,0.10848,0.11242,0.15391,0.07751,0.24282,0.01477,0,0,0.05807,0.13845,0.12624,0,0.31096,0.20921,0.68265,0.73401,0.00846,0.33541,0,0.04312,0.6566,0.13293,0.06363,0,0.13933,0.45458,0,0.12738,0,0,0.07422,0,0,0,0.15625,0.09199,0,0,0.55126,0.14973,0.15157,0,0,0.66382,0,0,0,0,0.12023,0.01207,0.44638,0.02671,0,0.11118,0.01635,0.01161,0.1506,0,0.71241,0,0,0.20559,0,0,0,0,0.45044,0,0.12074,0,0.03645,0.014,0,0.06858,0.18353,0,0,0.65304,0,3.8849,0,0.06306,0.56629,0,0,0,0,0,0.08634,0,0,0.21256,0,0.01502,0.01293,0,0,0,0.03289,0,0.01117,0,0.03717,0.04669,0,0,0,0,0.24621,0,0,0.14247,0.19171,0.58081,0,0.03152,0.09756,0,0.01254,0,0.2328,0,0,0.06282,0.34202,4.41102,0.01275,0,0.09434,0,0,0,0,0,0.49625,0.43059,0.04,0.00454,0.27903,0.04807,0.09186,0,0,0,0.29185,0.04706,0.02376,0.0547,0.13333,0.10658,0,0,0.06017,0,0,1.76078,0.09232,0,0.77177,0.03287,0,0,2.49547,0,0.02897,0,0.11504,0,0.79235,0,0.17357,0.7903,0.10221,0.37163,0.51821,0,0,0,0,0.06415,0,0.01853,0.03136,0,0,0.0313,0,0.01094,0,0.0728,0,0,0.13588,0,0.03198,0,0,0,0.04308,0,0
TR20087,15.30276,2.08106,2.35629,3.50564,0.45861,7.56731,0.63728,8.83781,2.43374,7.79547,5.49617,2.89457,0.02607,3.26421,1.19048,0.96221,0,3.65615,0.07693,0,0.35531,0.34881,0.05458,1.36341,0.36908,0.15283,0.35274,0.81236,1.03563,1.64051,0.26316,0.34851,0.27442,0.04404,0.37073,0.28285,0.02426,0.01854,0.26775,0,1.09368,0.87471,0.21549,0.7195,0.79193,1.18234,0.20693,0.44458,0.22281,0.07559,2.18991,0.11602,0.80321,0.10528,0.09859,0.33296,0.09044,0.09708,0,0.15441,0.83838,0.23968,0.28464,0.03413,0.0179,0.0011,0,0.47278,0.05036,0.12486,0,0,0.06966,0,0.04497,0.16443,0.23576,0.19659,0.05569,0.04473,0.00452,0.1505,0,0,0,0.08342,0.03381,0.01774,0.09549,0,0.21367,0,0.03859,0.01994,0.04891,0.00481,0.00309,0.02238,0.02399,0.02676,0,2.67997,0.03422,0.01527,0.46089,0,0,0,0.06068,0.41301,0.00132,0.01669,0.00771,0.16107,0.08683,0.08383,0.38434,0.05225,0.04557,0.02887,0.04772,0.07444,0.18821,0,0,0,0.01788,0.18648,0.04459,0.00088,0.02329,0,0,0.02415,0,0,0.01323,0,0.10248,0,0,0.11957,0.05107,0,0.51022,0,0,0,0,0,0,0,0,0.00364,0,0,0.66658,0.00199,0,0,0.02954,0,0,0.08865,0.11244,0.02117,0.06901,0.015,0.04115,0.09409,0.41575,0,0.1495,0,0.04787,0.21582,0.1431,0,0.01824,0,0,0,0,0,0.06274,0.00388,0.02509,0,0.13198,0,0,0,0.12991,0,0,0,0,0,0.00944,0,0,0.06928,0.01993,0.09788,0,0,0.01696,0,0,0,0.00053,0,0,0.29422,0.02169,0,0,0,0.01809,0,0,0,0,0,0,0.10522,0.0853,0,0,0,0,0,0,0.00291,0,0,0,0
TR20091,4.98695,5.45379,2.6962,2.50965,0.30548,3.17138,3.59317,4.15085,5.40798,0.53543,2.48559,2.40192,3.09646,0.2014,0,0.73622,1.64889,2.09085,0.22576,0,0.34037,0.96262,0,3.13149,12.17095,0.01797,0.20878,4.58415,2.62707,0.54478,0.00498,0.08259,0.54543,0.11456,0.88009,1.28866,0.00614,0.17695,0,0.10732,1.90162,0.2316,0.12417,0.8717,0.79509,0.68699,0.11221,0.16107,0.53002,0.12749,0.63038,0.08368,1.50657,0.15727,0.12146,0.09519,0.04401,0.03585,0,0.35145,0.08521,0.22863,0.10615,0,0,0.00982,0,0.43497,0.16616,0.03879,0.41821,0.03208,0.22243,0,0,0.73166,0.24041,0.00322,0.18971,0.57175,0,0.03952,0.03388,0.00668,0,0.02357,0,2.4968,0,0.00486,0.05366,0.03879,0,0.04204,0,0.07454,0,0,0.07209,0,0.04324,0,0.00409,0,0.00145,0.00159,0,0,0.0535,1.40548,0.04212,0.16074,0.27376,0.07812,0.3655,0.0526,0.10307,0,0.23259,0.51342,0.01227,0.05236,0,0,0.0108,0.20317,0,0.02093,0.04434,0,0.02055,0.08187,0.24098,0,0.04742,0,0,0,0,0.02117,0,0,0,0.00522,0.1058,0.03162,0,0,0,0,0.00534,0,0,0.02625,0.09639,0.02192,1.3649,0,1.42281,0,0,0.65521,0,0.0848,0,0,0,0,0,0,0.12036,0,0.03454,0,0.70404,0.02152,0.00399,0,0,0,0.01482,0,0.00845,0.0636,0,0.00307,0.52146,0,0,0.20687,0.15832,0,0.22181,0,0,0,0.0298,0.00143,0.00413,0,0,0,0,0.06616,0,0,0.00722,0.04458,0,0,0.04383,0.23972,0.04429,0,0,0,0,0.03635,0,0,0.01153,0,0.02349,0.01592,0.01328,0,0.30311,0,0,0.03889,0.00752,0,0,0.05348,0,0,0,0
TR20092,2.24042,0,0,0,0,3.38994,0,0.37506,0,0,0,0,2.56527,5.1677,0,0,0,1.06737,2.95064,0,0,0,26.84481,0.26677,0,0,0,0,0,1.02877,0,0,0,0,0,0,0,0,0,0,0,0,0,0,0,0,0,0,0,0,1.93004,0,0,0,0,0,0,14.92353,0,0,0,0,0,0,0,0,0,0,0,0,0,0,0,0,0,0.69735,0,0.19584,0,0,0,0,1.36046,0,0,0,0,1.64275,0,0,10.18429,0,1.26657,0,0,2.402,0,0,0,0,0,0,0,0,0,0,0,0,0,0,0,1.50556,0,0,1.06254,0,9.72875,0,0.2054,1.63658,0,0,0,0,0,0,0,0,0,0,0,0,0,0,0,0.33876,0,0,0,0,0,0,0.55961,0,0,0,0,3.26504,0.53397,0,0,0,0,0,0,0,0,0,0,0,0,0,0,0,0,0,0,0,0,0,0,0,0,0,0,0,0,0,0,0,0,0.66421,0,0,0,0,0,0,0,0,0,0,0,0,0,0,0,0,0,0,0,0,0,0,0,0,0,0,0,0,0,0,0,0,0,0,0,0,0,0,0,0,0,0,0,0,0,0,0,0,0,0,0,0,0,0,0,0
TR20093,3.05591,0.91362,3.17402,0.76834,0.58969,2.69702,0.36936,0.70307,7.19117,2.19642,0.69997,0.11556,0.52005,3.03931,0.30166,0.68829,0,1.25592,5.48776,0,0.19226,0.01989,5.71168,0.71635,0.80769,0.02797,0.54248,0.64874,0.12359,1.91104,1.89222,0.30702,0.16003,0.0514,0.32682,4.02802,2.91934,1.97897,0.01775,0.03688,0.04708,0.10597,0,0.94483,0.00081,0.03656,0.01849,0,0.13854,0.03206,0.04786,0,1.83598,6.18633,3.13381,0.07123,0.10114,0.14425,0,0.00907,0.52674,0.33032,0,0.46342,0.46356,0.04666,0.02821,0.15253,0.02306,4.23761,0,0.19122,0.09429,0.03292,0.61611,0.10424,2.81398,0.20151,0.02312,0.01661,0.36546,0,0.04952,0,0.7408,0.54147,0.05593,0.52235,0.15711,0,0.31237,0.16952,0.11877,0.26412,0.0572,0.95655,0.17736,0.03188,0.07979,0.00423,0.12707,0,0,0.00197,0.00594,0.00529,0,0.48189,0.24098,0.01971,0.37116,0.19005,0,0.32253,0.16293,0.23175,0.25614,0.09033,0.0953,0.16577,0.12006,0.04621,0,0.00952,0,0,0.18947,0.20803,0.00029,0,0,0.0085,0.4209,0.00951,0.00528,0,0,0,0.07149,0.12327,0.07393,0.0421,0.72307,0.10786,0.03735,0.00799,0.07924,0.47033,0,0,0.29381,0.11326,0.10129,0.10441,0,0.05598,1.424,0.12343,0.70571,0,0.24219,0,0,0.06153,0.15168,0.20541,0,0.00477,0.49584,0.00521,0,0,0.25221,0.10806,0.03646,0,0,0,0,0.07706,0.0164,0,0.02113,0,0,0,0.41939,0,0.03903,0.08297,0,0.29578,0.16727,0.00414,0,0.00161,0.07035,0.03038,0,0,0.1005,0.0406,0,0.00782,0.03269,0.18879,0,0,0,0,0.01252,0,0.04338,0.12097,0.04693,0.01268,0.12087,0.00149,0.06,0.01169,0,0.06625,0.00146,0.00906,0,0,0.04467,0.03965,0.00581,0.0813,0.77268,0,0.01652,0.11318,0,0,0.56409,0.23808
TR20094,13.08413,0.80313,0.55483,12.25041,0.85858,0.85974,0.58287,2.23068,1.18807,3.28317,1.55953,0.1149,1.0513,0.30615,0.36681,0.2759,0.02191,0.55914,0.10223,0.0017,0.09526,0.09421,15.87563,0.72708,2.56276,0.49817,0.07918,0.17858,0.40897,6.91988,2.62112,0.41405,0.09849,0.03326,0.25454,0.15671,0.01243,0.08068,0.22109,0.00295,0.12384,0.0716,0,0.02408,0.39477,0.01539,0.14112,0.03656,0.02608,0.11058,1.71127,0.15092,4.10012,0.1155,0.76415,0.00341,0.00376,0.0331,0,0,0.02113,0.00955,0.01009,0,0.16566,0,0.01076,0.09088,0.00214,0.01152,0.15753,0.1381,0.29435,0,0,0.02177,0.50926,0.20507,0,0.20024,0.02778,0,0,0,0.06872,0.2308,0.07727,0.93994,0.23761,0,0.30541,0,0.02783,0.00653,0.03277,0.16588,0.11748,0.01256,0.09932,0,0,0,0,0.14249,0.00334,0,0,0.01234,0.25896,0.01016,0.07777,0.05081,0,0,0.08226,0,0.59061,0,0,0.00152,0,0.11544,0,0.04449,0,0,0.11004,0.06675,1.03644,0,0,0.01557,0,0,0,0.01095,0.0067,0,0,0.19638,0,2.20065,0.00923,0,0.22458,0.21317,0,1.63667,0.00602,0.028,0.02945,0.10773,0,0.04775,0,0.00738,1.62664,0.04405,0.36087,0.01858,0.01739,0.01834,0.01124,0.0378,0.11783,1.03069,0.03893,0.0586,0,1.02328,0,0,0.24815,0.33083,0.06236,0,0.07717,0,0.06584,0,0,0.01693,0,0,0,0.0243,0.51368,0,0.02464,0.00644,0.00727,0.00249,0.05994,0.00055,0,0.02448,0.00692,0.21029,0.00345,0.54981,0.00519,0.43284,0.00543,0,0,0,0.00968,0,0.01991,0,0.14942,0.00334,0.035,0,0,0.01215,0,0.07685,0,0,0,0.02517,0,0.0052,0,0,0.41307,0.09407,0,0.00541,0,0,0,0.17325,0,0,0.08813,0.06476
TR20095,10.26944,1.01718,0.84036,3.1687,4.03861,0.51243,1.65436,3.62248,1.63632,0.11606,0.21817,0.03578,15.22798,0.62705,1.12107,0.35081,0,0.12238,0.02917,0,0.00628,0,2.65874,0.39121,0.32481,1.2574,0.13299,0.00972,0.12986,11.54494,4.01731,0.17617,0.07344,0,0.11478,0.50807,0.08279,0.19531,0,0,0,0,0,0,0,0,0.57678,0,0,0,0.10985,0,1.09574,0.31361,0,0,0,0.02794,0,0,0,0,0,0,2.03191,0,0.00618,0.33725,0,0.06848,0,0,0,0,0,0.42912,0,0.51544,0,0.1262,0.12121,0.04173,0.17336,0,0,0.25054,0.32084,0.36916,0.02822,0,0.5225,0,0.09326,0.07069,0,0.12696,0.81071,0,0,0.00126,0,0,0,0,0,0.20664,0,0,0,0,0,0.09559,0,0,0,0,2.22833,0,0,0,0,0,0,0.03652,0,0,0,0,0.51324,0,0.08541,0.01278,0,0,0,0.33685,0,1.28614,0,0,0,0,0,0,0.05821,0.01783,0,0,0,0.12442,0.16352,0.10936,0,0.09244,0,0,0.69318,0,0,0,0,0,1.25896,0,0,4.20289,0,0.1051,0,0,0,0.2575,0.25476,0.21679,0,4.09395,0.42093,0,0.41886,0,0,1.28035,0.01548,0,0,1.09585,0.05735,0,0,0.10002,0.37791,0.04238,0,0.04239,0.00994,0,0,0.06053,0.19728,0,0,0.05266,0,0,0,0,0,0,0,0,0,0,0,0,0,0,0,0,0,0.01511,0,0,0.09009,0,0.19792,0,0,0,0.0496,0,0,0,0.31034,0,0.01702,0,0,0
TR20098,0.98484,1.16314,6.01919,0.50118,3.7813,13.02148,1.79602,4.9786,5.58828,0.47442,3.62424,0.36962,0.56757,0.19248,2.18749,0.96143,0,1.25554,0.28235,0,0.90433,0.43859,0.45434,1.80622,0.48966,4.75788,1.26986,0.18673,0.02806,5.61546,0.02486,0.65233,0.60452,0.33948,0.4767,5.86406,0.0104,0.12954,0,0.19094,0.52785,0.04112,0,0.04353,0,0.15284,0.11508,0.04895,0.2802,0.37163,2.22908,0.29996,1.38658,5.55579,0,0,0.56042,0.12081,0,0.03117,0.00983,0.00107,0.02836,0.01807,0.07766,0.00422,0,0.64067,0.54658,0.0214,0.75596,0.05897,0,0,0,0.12693,0.06829,0.17755,0.00679,0.35372,0.04649,0.00624,0.02855,0,0,0,0.05986,0.1032,0.02521,0.02522,0.09241,0.05556,0.10242,0.08878,0,0.11635,0,0,0,0,0.09347,0,0,0.06962,0,0.00587,0,0,0,0.15318,0.01476,0.0644,0,0.02729,0.02138,0,0.65891,0,0,0.12358,0.00493,0,0.02739,0,0,0,0,0,0.32602,0,0,0,0,0,0,0.00169,0,0,0.00678,0.00979,0.00653,0,0,0,0,0.01946,0,0,0.01921,0,0.09149,0,0,0.00543,0.02488,0.01238,5.20455,0.01741,0.52364,0,0.00644,0,0.15518,0.01845,0,0.69876,0.03878,0,0,0,0,0.05895,0.19281,0,0.13033,0.03432,0.09803,0,0,0,0,0,0.01337,0,0.05676,0,0.52629,0.0189,0.00094,0.10861,0.05911,0,0.89621,0.05411,0,0.04288,0.03569,0,0.02678,0.21107,0,0,0,0.08722,0,0.37925,0.01414,0,0,0,0.00499,0.01999,0.00049,0,0,0,0.05399,0,0.03065,0,0,0,0,0,0,0,0.02153,0,0.07767,0.00147,0,0,0,0.0014,0,0.00631,0,0.64207
TR20102,0.22593,6.98226,2.63739,6.06311,2.42258,1.23918,4.91945,5.11267,8.8549,0.23635,1.97675,0,0.05743,0.42206,0,1.12288,0,1.01558,0.19595,0,0.01379,0.30487,0,4.01859,1.42123,0.88701,0.19523,0.09408,0,7.37307,0,0.05258,0.10738,0.38888,0.86022,6.53169,0.06132,0.22109,0.5713,0.02434,0,0.01813,0,0,1.8444,0,0.22532,0.12861,0.02234,0.03763,0,0,14.06297,1.17147,0,0,0,0.15623,0,0,0,0,0,0,0.13756,0,0,0,0,0,0,0,0,0,0,0.02342,0,0.18924,0,0.76469,0.02195,0,0,0,0,0,0,0.11009,0,0,0.20303,0,0.04885,0,0,0.36628,0,0,0,0,0,0,0,0.01789,0,0,0,0,0,0,0.02087,0.34528,0,0,0,0,1.36001,0,0,0,0,0,0,0,0,0,0,0,0.02554,0,0,0.05093,0,0,0,0,0,0,0,0.02966,0,0,0,0,0,0,0,0,0.00337,0,0.03275,0,0,0,0,0,4.35665,0,0.88126,0,0,0,0,0,0,1.44259,0,0,0,0,0,0.06036,0.24573,0,0.03953,0.06821,0.06297,0,0,0,0,0.17172,0,0,0,0,1.5588,0,0,0.37728,0.17654,0,0.67596,0,0,0.02603,0,0.00675,0,0.64033,0,0,0,0,0,0,0,0.01767,0.07171,0,0,0,0,0,0,0,0,0,0,0,0,0,0,0,0,0,0.30989,0,0,0,0,0,0,0,0,0,0.01555,0.15743
TR20103,0.13834,1.66472,1.22437,6.27729,0.25713,4.39391,0.37507,0,2.84284,1.75401,0.42513,0,0,0.1279,0,0.04729,0,0,0,0,0,0,0,0.17463,2.59626,1.64286,0.04204,0,0,46.42221,0,0.09515,0,0,0,0.78536,0.75749,0.26579,0,0,0,0,0,0,0,0,0.53739,0,0,0,0.32398,0,3.42293,0,0,0,0,0,0,0,0,0,0,0,6.01482,0,0,0,0,0,0,0,0,0,0,0,0,2.1091,0,0,0,0,0,0,0,0,0,0.10957,0,0,0,0,0,0,0,0,0,0,0,0,0,0,0,0,0,0,0,0,0,0,0,0,0,0,0,0,0,0,0,0,0,0,0,0,0,0,0,0,0.01126,0,0.07658,0,0,0,0,0,0,0,0,0,0,0,0,0,0,0,0,0,0,0,0,0,0,0,0,0,0,0,13.08278,0,0,0,0,0,0,0,0,0,0,0,0,0,0,0,0,0,0,0,0,0,0,0,0,0,0,0,1.17876,0,0,0,0,0,0,0,0,0,0,0,0,0,0,0,0,0,0,0,0,0,0,0,0,0,0,0,0,0,0,0,0,0,0,0,0,0,0,0,0.07271,0,0,0,0,0,0.75032,0,0,0,0,0
TR20104,9.57718,2.43935,2.02565,7.0067,5.5483,2.00696,3.32767,3.63469,3.13051,4.13022,1.05504,0.70774,1.40851,0.41082,1.41876,2.69187,0.2559,0.33894,0.49559,0.11407,0.35281,0.20045,1.2806,1.43538,2.13364,1.81478,0.18105,0.14431,0.51376,5.75798,0.11078,1.89116,0,0.18417,0.19225,1.15488,0.09181,0.11287,0.1386,0.00724,0.07735,0.09082,0.00679,0.01186,5.63411,0,0.42133,0.03435,0,0.16528,0.38254,0.14826,5.64162,0.59194,0.12555,0,0,0.13252,0.19215,0,0,0,0,0,0.55141,0,0,0,0,0,0,0.29425,0,0,0.02409,0.06857,0.25274,0.53067,0,0.08858,0.25251,0,0,0,0,0.07922,0.06452,0.45674,0.15064,0,0.14139,0,0,0,0,0.54072,0.03848,0,0.06052,0,0,0,0,0.05736,0,0,0,0.28974,0,0,0,0.09197,0,0,0.07362,0,0.71221,0,0,0.95763,0,0,0,0,0,0,0,0,0.11573,0,0,0,0,0,0,0.00404,0,0,0.00353,1.07752,0.03272,0,0,0,0.05117,0.13281,0,0.07399,0,0.02637,0.46414,0,0,0.04961,0,0.07429,0.89893,0,3.7521,0,0,0.03009,0.40279,0,0,0.36655,0,0,0,0,0,0.06447,0.1161,0,0,0,0,0,0,0,0,0,0,0,0,0.01831,1.14848,0,0,0.17426,0.08869,0,0,0,0.30614,0,0.05034,0,0.00242,0.1245,0,0.03064,0,0,0.01206,0.30575,0,0.06186,0.07676,0.00766,0,0,0,0,0,0,0.02106,0.02721,0,0,0,0,0,0,0,0,0.39474,0.0037,0,0.00488,0,0,0,0,0,0.05132,0,0.4679
TR20105,0,1.82442,2.16523,0.16787,0,1.5504,0.43067,0,12.78663,0,0,0,0,0.59,0,1.4247,0,0.15287,1.97844,0,0.07306,0,0.212,4.47053,0.93705,3.67928,0.54065,0,0,18.61558,0.11382,0,0,0.07115,0.89033,9.38614,0.11478,0.0495,0,0.00362,0,0,0,0,0,0,0,0,0.15204,0,2.4119,0,0,17.72768,0,0,0.14131,0,0,0,0,0,0,0,1.59658,0,0,0,0,0,0,0,0,0,0,0,0,1.83572,0,0.33888,0,0,0,0,0,0.00132,0,0,0,0,0.00043,0,0,0,0.00042,0,0,0,0.0697,0,0,0,0,0,0,0,0,0.07799,0,0,0,0.00306,0,0,0,0,0.03978,0,0,0,0,0,0,0,0,0,0,0,0,0,0,0,0,0,0,0,0,0,0,0,0,0,0,0,0,0,0,0,0,0,0,0,0,0.00236,0,0,6.22484,0,0,0,0,0,0,0,0,1.57673,0,0,0,0,0,0,0,0.02401,0,0.0087,0,0,0,0,0,0,0,0,0,0,0.13211,0,0,0,0.18042,0,0.0183,0,0.1347,0.06081,0,0,0.83395,0,0,0,0,0,0,0.00503,0,0,0,0,0,0,0,0,0,0,0,0,0,0,0,0,0,0,0,0,0,0,0.02105,0,0,0,2.43642,0,0.1311,0,0,0.04921
TR20106,34.00967,0.39418,0.67733,3.92342,0.15055,2.7454,0.16075,0.58043,1.02623,11.63771,0.26252,0.51521,0.97,1.35558,0.34887,0.11153,0,1.54891,0.50579,0,0.02524,0,5.06916,0.31912,0.40792,0.56758,0.10615,0,0.49744,8.51796,1.73149,0.25271,0.29958,0,0.11768,0.6122,0.07363,0.138,0,0,0.24952,0.24299,0,0.00834,0,0,0,0,0,0,0.28152,0.26577,0.82069,1.02628,0.71968,0,0,0.18519,0,0,0.13011,0.14059,0.00874,0,1.25219,0,0,0.02052,0,0.09414,0,0.40962,0.11332,0,0.03539,0.03461,0.88088,0.43941,0,0,0.34677,0,0,0.034,0,0.85451,0.0305,0.32306,0.30545,0,0.2077,0,0,0,0,0.44325,0.01529,0,0.13042,0,0,0.17168,0,1.42135,0,0.03607,0,0.05566,0.25509,0,0.01443,0.01309,0.00825,0,0.05618,0,0.42479,0,0,0.0783,0,0,0,0,0,0.0035,0.13421,0,0.08037,0,0,0,0,0,0,0.00596,0,0,0,0.00558,0,0,0.01228,0,0.01659,0,0,0.73042,0,0.03911,0.09331,0.4948,0,0.02673,0,0,0.70427,0,0.04254,0,0.22,0.17895,0,0,2.74642,0.20623,0,0,0,0.00917,0,0.03343,0.09785,0.19561,0,0,0,0,0,0,0.00694,0.04005,0,0,0,0.01339,0.03294,0,0,0,0,0,0.23352,0,0,0,0.01218,0.05341,0.0185,0.29567,0,0,0,0,0.01695,0.17668,0,0,0,0,0.00724,0,0,0.02062,0,0,0,0,0.0038,0,0.39887,0.01897,0,0,0,0,0,0.04085,0,0,0,0,0.10979,0,0.01442,0,0,0
TR20114,17.99918,3.19159,1.63363,0.09725,0.3095,0.80221,0.47634,1.28347,1.61605,4.54536,0.88387,1.97426,0.23034,9.02894,0.94647,0.5532,0.12445,3.90508,0.03641,0.04579,0.17643,0.15018,0.75309,0.14253,0.14788,0.00246,1.38334,0.54305,0.11117,3.80465,0.10009,0.19167,8.67175,0.21293,0.35001,2.50198,0.48175,1.41213,0.00295,0,2.14564,0.67464,0.19508,0.0589,0,0.22513,0.06439,0.03187,0.05591,0.18682,1.08449,0.69269,0.3345,5.26387,0.05611,0.04442,0.08832,0.00299,0,0.05593,0.01334,4.76279,0,0.13328,0.0074,0.16305,0,0.19583,2.39736,0.21327,0.0891,0.20106,0.26357,0,0,0,0.05893,0.41154,0.09767,0.06694,0.03806,0,0,0,0.04813,0.05567,0.01573,0,0.08238,0.04592,0.03481,0.13028,0,0.01493,1.42401,0.00672,0.01594,0.55593,0,0,0,0.0052,0.02313,0,0.04066,0,0,0.00832,0,0.03268,0.17738,0,0,0.12598,0.00377,0,0.06982,0.00907,0,0,0,0,0.12062,0.0252,0,0,0,0.01062,0.03382,0,0,0.03615,0.51457,0,0,0,0,0,0,0.16391,0,0.07829,0,0,0,0,0,0.08151,0,0,0.0027,0,0,0,0,0,0.16538,0,0.00335,0.00411,0,0.08073,0,0.00113,0.01732,0.05884,0.0709,0,0.11821,0,0,0,0.04562,0,0.24076,0,0.01407,0,0,0,0,0,0,0.00076,0.0481,0,0,0.00267,0,0,0.00441,0,0,0,0,0,0,0,0,0,0.00101,0,0.01296,0,0.023,0,0,0,0.01626,0,0,0.00262,0,0.04061,0.04989,0,0.01123,0,0,0,0,0,0,0,0,0.39938,0,0,0,0,0,0.0579,0,0,0,0,0.28576,0
TR20117,2.00563,3.91979,11.11771,0,0.13935,6.59792,0,0,6.00454,2.00776,0.10669,1.85682,0.33523,8.91647,0,0,0,0.12027,1.24067,0,0,0,0.97126,1.27747,0,0,0.49274,0.118,0,2.07948,0,0,1.69552,0,0.94832,5.26701,0,1.98471,0,0,0.75985,0,0,0,0,0,0,0,0,0,3.52149,0,0,3.68186,0,0,0,0,0,0,0,0,0,0.02748,2.24066,0,0,0.68405,0.41055,0,0,0.16782,0.68718,0,0,0,0,2.95948,0,0,0,0,0,0,0,0,0,0,0.98942,0,2.43435,0,0,0,2.92785,0.81261,0,0,0,0,0,3.42225,0,0,0.5094,0,0,0,0,0,2.68294,0,0,0,0,0,0.59397,0,0,0,0,0,0,0,0,0,0,0,0,0,0,0,0.20111,0,0,0,0,0,0,0,0,0,0,0,0,0,0,0,0.06781,0,0,0,0,0,0,0,7.21173,0,0,0,0,0,0,0,0,0.55543,0,0,0,0,0,0,0,0,0,0,0,0,0,0,0,0,0,0,0,0,0,0.54452,0,0,0,0,2.2182,0,0,0,0,0,0,0,0,0,0,0,0,0,0,0,0,0,0,0,0,0,0,0,0,0,0,0,0,0,0,0,0,0,0,0,0,0,0,0,0,0,0,0,0,0
TR20118,5.77433,0.45087,1.36155,0.60107,0.20759,2.54058,0.09658,1.0196,0.67252,2.66281,0.33182,1.56299,0,16.04121,0.04075,0.13456,0,3.93117,1.99148,0,0.0356,0,12.19792,0.16434,0,0,0.69479,0,0.22234,1.88661,1.00659,0.53334,2.42723,0,0,0.71303,0.56458,8.27812,0,0,0.64045,0.55138,0,0.49443,0,0,0,0,0,0.12342,0.36449,0,0.99837,1.18184,2.94299,0,0,0,0,0,0.26835,2.41126,0,1.16554,0,0.56459,0,1.42632,0.47159,1.29063,0,0,0.1342,0,0.61733,0,0.02501,0.88404,0,0,0.06618,0,0,0,0.93344,0.18058,0.03243,0,0.20743,0,0.09884,1.43341,0,0.91515,0.54454,0.26732,0.08817,0.49962,0.1212,0,0,0,0,0.17081,0.43581,0,0,0,0,0,0.18443,0,0,0.15005,0.08542,0,0,0.06184,0,0,0,0,0,0,0,0,0,0,0,0,0,0,0,0.03322,0,0,0,0,0,0,0,0,0.24064,0,0,0,0,0,0,0,0,0,0,0.02192,0,0,0.20524,1.35716,0.01148,0,0,0,0,0,0,0,0.05823,0,0.79028,0.29594,0,0,0.23644,0,0,0,0,0,0,0,0,0,0,0,0,0,0,0,0,0,0,0,0,0,0,0.04483,0,0,0,0.22576,0.25345,0,0.09154,0,0,0,0,0,0,0,0,0,0,0.05323,0,0,0,0,0,0,0,0.23482,0,0,0,1.11705,0,0,0,0,0,0.13013,0,0.07858,0,0,0,0
TR20119,1.30595,0.34266,0.31126,1.32123,0.64344,0.16608,0.1342,0.31148,0.44324,1.39074,0.1536,0.07955,0.05571,0.09759,15.06956,0.08907,0.01934,0.08978,0.09888,0,0.01197,0.01441,0.96704,0.0627,0.72683,0.03375,0.03713,0.16601,0.8578,1.50483,5.76429,0.06939,0.09382,0.00525,0.0516,0.20922,0.02411,0.07059,0.03921,0.03059,0.09079,0.01199,0.00755,0.00281,0,0.03505,0.12851,0.02401,0.00901,0.03358,0.05614,0.88817,5.37653,0.06733,48.89914,0,0.03192,0.02669,0,0,0,0.02475,0,0.00826,0.27861,0.01323,0.00043,0.11023,0.02221,0.03865,0,1.29845,0,0,0.02676,0.00236,0.53181,0.01501,0,0.00478,0.19468,0,0.00266,0,0,0.34354,0.01207,0.43837,0.05416,0,0.01927,0,0,0.04376,0,0.02432,0.03508,0,0.48318,0,0,0,0,0.11049,0,0.23206,0,0.09724,0.03208,0,0.07625,0.0078,0.0249,0,0.11645,0.0159,0.04258,0,0,0.02764,0,0.00122,0,0.01262,0.00531,0.0067,0.15605,0.01858,0,0,0.02823,0,0,0,0.01809,0,0.00093,0,0.00474,0,0.09531,1.16182,0.02845,0,0.01098,0.01424,0.04072,0,0.0267,0,0.04969,0.02715,0,0.05899,0.03304,0.00299,0.1511,0,1.06328,0,0.70747,0,0,0.00061,0,0,0.00631,0,0,0.08801,0,0.06568,0.03399,0.03202,0,0.00635,0.03803,0.00594,0,0.05654,0.024,0.16934,0,0,0.01431,1.11466,0.04116,0,0,0.00534,0,0,0.08257,0,0,0.03857,0.00076,0.01644,0,0,0,0.001,0.01321,0.00354,0.13841,0.02586,0,0,0.06921,0.00519,0,0,0.01157,0,0,0.01841,0.06635,0,0.09874,0.02938,0,0.01741,0,0.02601,0.00142,0,0,0.2187,0,0,0,0,0,0.07256,0,0,0,0
